-- phpMyAdmin SQL Dump
-- version 4.4.15.9
-- https://www.phpmyadmin.net
--
-- Host: localhost
-- Creato il: Mar 28, 2018 alle 10:27
-- Versione del server: 5.6.37
-- Versione PHP: 5.6.31

SET SQL_MODE = "NO_AUTO_VALUE_ON_ZERO";
SET time_zone = "+00:00";


/*!40101 SET @OLD_CHARACTER_SET_CLIENT=@@CHARACTER_SET_CLIENT */;
/*!40101 SET @OLD_CHARACTER_SET_RESULTS=@@CHARACTER_SET_RESULTS */;
/*!40101 SET @OLD_COLLATION_CONNECTION=@@COLLATION_CONNECTION */;
/*!40101 SET NAMES utf8mb4 */;

--
-- Database: `Pokemon`
--

-- --------------------------------------------------------

--
-- Struttura della tabella `abilities`
--

CREATE TABLE IF NOT EXISTS `abilities` (
  `id` int(11) NOT NULL,
  `identifier` varchar(24) NOT NULL,
  `generation_id` int(11) NOT NULL,
  `is_main_series` tinyint(1) NOT NULL
) ENGINE=InnoDB DEFAULT CHARSET=latin1;

--
-- Dump dei dati per la tabella `abilities`
--

INSERT INTO `abilities` (`id`, `identifier`, `generation_id`, `is_main_series`) VALUES
(1, 'stench', 3, 1),
(2, 'drizzle', 3, 1),
(3, 'speed-boost', 3, 1),
(4, 'battle-armor', 3, 1),
(5, 'sturdy', 3, 1),
(6, 'damp', 3, 1),
(7, 'limber', 3, 1),
(8, 'sand-veil', 3, 1),
(9, 'static', 3, 1),
(10, 'volt-absorb', 3, 1),
(11, 'water-absorb', 3, 1),
(12, 'oblivious', 3, 1),
(13, 'cloud-nine', 3, 1),
(14, 'compoundeyes', 3, 1),
(15, 'insomnia', 3, 1),
(16, 'color-change', 3, 1),
(17, 'immunity', 3, 1),
(18, 'flash-fire', 3, 1),
(19, 'shield-dust', 3, 1),
(20, 'own-tempo', 3, 1),
(21, 'suction-cups', 3, 1),
(22, 'intimidate', 3, 1),
(23, 'shadow-tag', 3, 1),
(24, 'rough-skin', 3, 1),
(25, 'wonder-guard', 3, 1),
(26, 'levitate', 3, 1),
(27, 'effect-spore', 3, 1),
(28, 'synchronize', 3, 1),
(29, 'clear-body', 3, 1),
(30, 'natural-cure', 3, 1),
(31, 'lightningrod', 3, 1),
(32, 'serene-grace', 3, 1),
(33, 'swift-swim', 3, 1),
(34, 'chlorophyll', 3, 1),
(35, 'illuminate', 3, 1),
(36, 'trace', 3, 1),
(37, 'huge-power', 3, 1),
(38, 'poison-point', 3, 1),
(39, 'inner-focus', 3, 1),
(40, 'magma-armor', 3, 1),
(41, 'water-veil', 3, 1),
(42, 'magnet-pull', 3, 1),
(43, 'soundproof', 3, 1),
(44, 'rain-dish', 3, 1),
(45, 'sand-stream', 3, 1),
(46, 'pressure', 3, 1),
(47, 'thick-fat', 3, 1),
(48, 'early-bird', 3, 1),
(49, 'flame-body', 3, 1),
(50, 'run-away', 3, 1),
(51, 'keen-eye', 3, 1),
(52, 'hyper-cutter', 3, 1),
(53, 'pickup', 3, 1),
(54, 'truant', 3, 1),
(55, 'hustle', 3, 1),
(56, 'cute-charm', 3, 1),
(57, 'plus', 3, 1),
(58, 'minus', 3, 1),
(59, 'forecast', 3, 1),
(60, 'sticky-hold', 3, 1),
(61, 'shed-skin', 3, 1),
(62, 'guts', 3, 1),
(63, 'marvel-scale', 3, 1),
(64, 'liquid-ooze', 3, 1),
(65, 'overgrow', 3, 1),
(66, 'blaze', 3, 1),
(67, 'torrent', 3, 1),
(68, 'swarm', 3, 1),
(69, 'rock-head', 3, 1),
(70, 'drought', 3, 1),
(71, 'arena-trap', 3, 1),
(72, 'vital-spirit', 3, 1),
(73, 'white-smoke', 3, 1),
(74, 'pure-power', 3, 1),
(75, 'shell-armor', 3, 1),
(76, 'air-lock', 3, 1),
(77, 'tangled-feet', 4, 1),
(78, 'motor-drive', 4, 1),
(79, 'rivalry', 4, 1),
(80, 'steadfast', 4, 1),
(81, 'snow-cloak', 4, 1),
(82, 'gluttony', 4, 1),
(83, 'anger-point', 4, 1),
(84, 'unburden', 4, 1),
(85, 'heatproof', 4, 1),
(86, 'simple', 4, 1),
(87, 'dry-skin', 4, 1),
(88, 'download', 4, 1),
(89, 'iron-fist', 4, 1),
(90, 'poison-heal', 4, 1),
(91, 'adaptability', 4, 1),
(92, 'skill-link', 4, 1),
(93, 'hydration', 4, 1),
(94, 'solar-power', 4, 1),
(95, 'quick-feet', 4, 1),
(96, 'normalize', 4, 1),
(97, 'sniper', 4, 1),
(98, 'magic-guard', 4, 1),
(99, 'no-guard', 4, 1),
(100, 'stall', 4, 1),
(101, 'technician', 4, 1),
(102, 'leaf-guard', 4, 1),
(103, 'klutz', 4, 1),
(104, 'mold-breaker', 4, 1),
(105, 'super-luck', 4, 1),
(106, 'aftermath', 4, 1),
(107, 'anticipation', 4, 1),
(108, 'forewarn', 4, 1),
(109, 'unaware', 4, 1),
(110, 'tinted-lens', 4, 1),
(111, 'filter', 4, 1),
(112, 'slow-start', 4, 1),
(113, 'scrappy', 4, 1),
(114, 'storm-drain', 4, 1),
(115, 'ice-body', 4, 1),
(116, 'solid-rock', 4, 1),
(117, 'snow-warning', 4, 1),
(118, 'honey-gather', 4, 1),
(119, 'frisk', 4, 1),
(120, 'reckless', 4, 1),
(121, 'multitype', 4, 1),
(122, 'flower-gift', 4, 1),
(123, 'bad-dreams', 4, 1),
(124, 'pickpocket', 5, 1),
(125, 'sheer-force', 5, 1),
(126, 'contrary', 5, 1),
(127, 'unnerve', 5, 1),
(128, 'defiant', 5, 1),
(129, 'defeatist', 5, 1),
(130, 'cursed-body', 5, 1),
(131, 'healer', 5, 1),
(132, 'friend-guard', 5, 1),
(133, 'weak-armor', 5, 1),
(134, 'heavy-metal', 5, 1),
(135, 'light-metal', 5, 1),
(136, 'multiscale', 5, 1),
(137, 'toxic-boost', 5, 1),
(138, 'flare-boost', 5, 1),
(139, 'harvest', 5, 1),
(140, 'telepathy', 5, 1),
(141, 'moody', 5, 1),
(142, 'overcoat', 5, 1),
(143, 'poison-touch', 5, 1),
(144, 'regenerator', 5, 1),
(145, 'big-pecks', 5, 1),
(146, 'sand-rush', 5, 1),
(147, 'wonder-skin', 5, 1),
(148, 'analytic', 5, 1),
(149, 'illusion', 5, 1),
(150, 'imposter', 5, 1),
(151, 'infiltrator', 5, 1),
(152, 'mummy', 5, 1),
(153, 'moxie', 5, 1),
(154, 'justified', 5, 1),
(155, 'rattled', 5, 1),
(156, 'magic-bounce', 5, 1),
(157, 'sap-sipper', 5, 1),
(158, 'prankster', 5, 1),
(159, 'sand-force', 5, 1),
(160, 'iron-barbs', 5, 1),
(161, 'zen-mode', 5, 1),
(162, 'victory-star', 5, 1),
(163, 'turboblaze', 5, 1),
(164, 'teravolt', 5, 1),
(165, 'aroma-veil', 6, 1),
(166, 'flower-veil', 6, 1),
(167, 'cheek-pouch', 6, 1),
(168, 'protean', 6, 1),
(169, 'fur-coat', 6, 1),
(170, 'magician', 6, 1),
(171, 'bulletproof', 6, 1),
(172, 'competitive', 6, 1),
(173, 'strong-jaw', 6, 1),
(174, 'refrigerate', 6, 1),
(175, 'sweet-veil', 6, 1),
(176, 'stance-change', 6, 1),
(177, 'gale-wings', 6, 1),
(178, 'mega-launcher', 6, 1),
(179, 'grass-pelt', 6, 1),
(180, 'symbiosis', 6, 1),
(181, 'tough-claws', 6, 1),
(182, 'pixilate', 6, 1),
(183, 'gooey', 6, 1),
(184, 'parental-bond', 6, 1),
(185, 'aerilate', 6, 1),
(186, 'dark-aura', 6, 1),
(187, 'fairy-aura', 6, 1),
(188, 'aura-break', 6, 1),
(10001, 'mountaineer', 5, 0),
(10002, 'wave-rider', 5, 0),
(10003, 'skater', 5, 0),
(10004, 'thrust', 5, 0),
(10005, 'perception', 5, 0),
(10006, 'parry', 5, 0),
(10007, 'instinct', 5, 0),
(10008, 'dodge', 5, 0),
(10009, 'jagged-edge', 5, 0),
(10010, 'frostbite', 5, 0),
(10011, 'tenacity', 5, 0),
(10012, 'pride', 5, 0),
(10013, 'deep-sleep', 5, 0),
(10014, 'power-nap', 5, 0),
(10015, 'spirit', 5, 0),
(10016, 'warm-blanket', 5, 0),
(10017, 'gulp', 5, 0),
(10018, 'herbivore', 5, 0),
(10019, 'sandpit', 5, 0),
(10020, 'hot-blooded', 5, 0),
(10021, 'medic', 5, 0),
(10022, 'life-force', 5, 0),
(10023, 'lunchbox', 5, 0),
(10024, 'nurse', 5, 0),
(10025, 'melee', 5, 0),
(10026, 'sponge', 5, 0),
(10027, 'bodyguard', 5, 0),
(10028, 'hero', 5, 0),
(10029, 'last-bastion', 5, 0),
(10030, 'stealth', 5, 0),
(10031, 'vanguard', 5, 0),
(10032, 'nomad', 5, 0),
(10033, 'sequence', 5, 0),
(10034, 'grass-cloak', 5, 0),
(10035, 'celebrate', 5, 0),
(10036, 'lullaby', 5, 0),
(10037, 'calming', 5, 0),
(10038, 'daze', 5, 0),
(10039, 'frighten', 5, 0),
(10040, 'interference', 5, 0),
(10041, 'mood-maker', 5, 0),
(10042, 'confidence', 5, 0),
(10043, 'fortune', 5, 0),
(10044, 'bonanza', 5, 0),
(10045, 'explode', 5, 0),
(10046, 'omnipotent', 5, 0),
(10047, 'share', 5, 0),
(10048, 'black-hole', 5, 0),
(10049, 'shadow-dash', 5, 0),
(10050, 'sprint', 5, 0),
(10051, 'disgust', 5, 0),
(10052, 'high-rise', 5, 0),
(10053, 'climber', 5, 0),
(10054, 'flame-boost', 5, 0),
(10055, 'aqua-boost', 5, 0),
(10056, 'run-up', 5, 0),
(10057, 'conqueror', 5, 0),
(10058, 'shackle', 5, 0),
(10059, 'decoy', 5, 0),
(10060, 'shield', 5, 0);

-- --------------------------------------------------------

--
-- Struttura della tabella `Clienti`
--

CREATE TABLE IF NOT EXISTS `Clienti` (
  `ID` int(11) NOT NULL,
  `Email` varchar(20) DEFAULT NULL,
  `Password` varchar(20) DEFAULT NULL,
  `Nome` varchar(20) DEFAULT NULL
) ENGINE=InnoDB AUTO_INCREMENT=2 DEFAULT CHARSET=latin1;

--
-- Dump dei dati per la tabella `Clienti`
--

INSERT INTO `Clienti` (`ID`, `Email`, `Password`, `Nome`) VALUES
(1, 'lop@lop', 'lop', 'lop');

-- --------------------------------------------------------

--
-- Struttura della tabella `evolution_chains`
--

CREATE TABLE IF NOT EXISTS `evolution_chains` (
  `id` int(11) NOT NULL,
  `baby_trigger_item_id` int(11) DEFAULT NULL
) ENGINE=InnoDB DEFAULT CHARSET=latin1;

--
-- Dump dei dati per la tabella `evolution_chains`
--

INSERT INTO `evolution_chains` (`id`, `baby_trigger_item_id`) VALUES
(1, NULL),
(2, NULL),
(3, NULL),
(4, NULL),
(5, NULL),
(6, NULL),
(7, NULL),
(8, NULL),
(9, NULL),
(10, NULL),
(11, NULL),
(12, NULL),
(13, NULL),
(14, NULL),
(15, NULL),
(16, NULL),
(17, NULL),
(18, NULL),
(19, NULL),
(20, NULL),
(21, NULL),
(22, NULL),
(23, NULL),
(24, NULL),
(25, NULL),
(26, NULL),
(27, NULL),
(28, NULL),
(29, NULL),
(30, NULL),
(31, NULL),
(32, NULL),
(33, NULL),
(34, NULL),
(35, NULL),
(36, NULL),
(37, NULL),
(38, NULL),
(39, NULL),
(40, NULL),
(41, NULL),
(42, NULL),
(43, NULL),
(44, NULL),
(45, NULL),
(46, NULL),
(47, NULL),
(48, NULL),
(49, NULL),
(50, NULL),
(52, NULL),
(53, NULL),
(54, NULL),
(55, NULL),
(56, NULL),
(58, NULL),
(59, NULL),
(60, NULL),
(61, NULL),
(62, NULL),
(63, NULL),
(64, NULL),
(65, NULL),
(66, NULL),
(67, NULL),
(68, NULL),
(69, NULL),
(70, NULL),
(71, NULL),
(73, NULL),
(74, NULL),
(75, NULL),
(76, NULL),
(77, NULL),
(78, NULL),
(79, NULL),
(80, NULL),
(81, NULL),
(82, NULL),
(83, NULL),
(84, NULL),
(85, NULL),
(86, NULL),
(87, NULL),
(88, NULL),
(89, NULL),
(92, NULL),
(93, NULL),
(94, NULL),
(95, NULL),
(96, NULL),
(97, NULL),
(98, NULL),
(99, NULL),
(101, NULL),
(102, NULL),
(103, NULL),
(104, NULL),
(105, NULL),
(106, NULL),
(107, NULL),
(108, NULL),
(109, NULL),
(110, NULL),
(111, NULL),
(112, NULL),
(113, NULL),
(114, NULL),
(115, NULL),
(117, NULL),
(118, NULL),
(119, NULL),
(120, NULL),
(121, NULL),
(122, NULL),
(123, NULL),
(124, NULL),
(125, NULL),
(126, NULL),
(127, NULL),
(128, NULL),
(129, NULL),
(130, NULL),
(131, NULL),
(132, NULL),
(133, NULL),
(134, NULL),
(135, NULL),
(136, NULL),
(137, NULL),
(138, NULL),
(139, NULL),
(140, NULL),
(141, NULL),
(142, NULL),
(143, NULL),
(144, NULL),
(145, NULL),
(146, NULL),
(147, NULL),
(148, NULL),
(149, NULL),
(150, NULL),
(151, NULL),
(152, NULL),
(153, NULL),
(154, NULL),
(155, NULL),
(156, NULL),
(157, NULL),
(159, NULL),
(160, NULL),
(161, NULL),
(162, NULL),
(163, NULL),
(164, NULL),
(165, NULL),
(166, NULL),
(167, NULL),
(168, NULL),
(169, NULL),
(170, NULL),
(171, NULL),
(172, NULL),
(173, NULL),
(174, NULL),
(175, NULL),
(176, NULL),
(177, NULL),
(178, NULL),
(179, NULL),
(180, NULL),
(181, NULL),
(182, NULL),
(183, NULL),
(185, NULL),
(186, NULL),
(187, NULL),
(188, NULL),
(189, NULL),
(190, NULL),
(191, NULL),
(192, NULL),
(193, NULL),
(194, NULL),
(195, NULL),
(196, NULL),
(197, NULL),
(198, NULL),
(199, NULL),
(200, NULL),
(201, NULL),
(202, NULL),
(203, NULL),
(204, NULL),
(205, NULL),
(206, NULL),
(207, NULL),
(208, NULL),
(209, NULL),
(211, NULL),
(212, NULL),
(213, NULL),
(214, NULL),
(215, NULL),
(216, NULL),
(217, NULL),
(218, NULL),
(219, NULL),
(220, NULL),
(221, NULL),
(223, NULL),
(224, NULL),
(228, NULL),
(229, NULL),
(230, NULL),
(232, NULL),
(233, NULL),
(234, NULL),
(235, NULL),
(236, NULL),
(237, NULL),
(239, NULL),
(240, NULL),
(241, NULL),
(242, NULL),
(243, NULL),
(244, NULL),
(245, NULL),
(246, NULL),
(247, NULL),
(248, NULL),
(249, NULL),
(250, NULL),
(252, NULL),
(253, NULL),
(254, NULL),
(255, NULL),
(256, NULL),
(257, NULL),
(258, NULL),
(259, NULL),
(260, NULL),
(261, NULL),
(262, NULL),
(263, NULL),
(264, NULL),
(265, NULL),
(266, NULL),
(267, NULL),
(268, NULL),
(269, NULL),
(270, NULL),
(271, NULL),
(272, NULL),
(273, NULL),
(274, NULL),
(275, NULL),
(276, NULL),
(277, NULL),
(278, NULL),
(279, NULL),
(280, NULL),
(281, NULL),
(282, NULL),
(283, NULL),
(284, NULL),
(285, NULL),
(286, NULL),
(287, NULL),
(288, NULL),
(289, NULL),
(290, NULL),
(291, NULL),
(292, NULL),
(293, NULL),
(294, NULL),
(295, NULL),
(296, NULL),
(297, NULL),
(298, NULL),
(299, NULL),
(300, NULL),
(301, NULL),
(302, NULL),
(303, NULL),
(304, NULL),
(305, NULL),
(306, NULL),
(307, NULL),
(308, NULL),
(309, NULL),
(310, NULL),
(311, NULL),
(312, NULL),
(313, NULL),
(314, NULL),
(315, NULL),
(316, NULL),
(317, NULL),
(318, NULL),
(319, NULL),
(320, NULL),
(321, NULL),
(322, NULL),
(323, NULL),
(324, NULL),
(325, NULL),
(326, NULL),
(327, NULL),
(328, NULL),
(329, NULL),
(330, NULL),
(331, NULL),
(332, NULL),
(333, NULL),
(334, NULL),
(335, NULL),
(336, NULL),
(337, NULL),
(338, NULL),
(339, NULL),
(340, NULL),
(341, NULL),
(342, NULL),
(343, NULL),
(344, NULL),
(345, NULL),
(346, NULL),
(347, NULL),
(348, NULL),
(349, NULL),
(350, NULL),
(351, NULL),
(352, NULL),
(353, NULL),
(354, NULL),
(355, NULL),
(356, NULL),
(357, NULL),
(358, NULL),
(359, NULL),
(360, NULL),
(361, NULL),
(362, NULL),
(363, NULL),
(364, NULL),
(365, NULL),
(366, NULL),
(367, NULL),
(368, NULL),
(369, NULL),
(370, NULL),
(90, 231),
(100, 232),
(57, 291),
(91, 292),
(72, 293),
(116, 294),
(158, 295),
(51, 296),
(184, 297);

-- --------------------------------------------------------

--
-- Struttura della tabella `generations`
--

CREATE TABLE IF NOT EXISTS `generations` (
  `id` int(11) NOT NULL,
  `main_region_id` int(11) NOT NULL,
  `identifier` varchar(16) NOT NULL
) ENGINE=InnoDB DEFAULT CHARSET=latin1;

--
-- Dump dei dati per la tabella `generations`
--

INSERT INTO `generations` (`id`, `main_region_id`, `identifier`) VALUES
(1, 1, 'generation-i'),
(2, 2, 'generation-ii'),
(3, 3, 'generation-iii'),
(4, 4, 'generation-iv'),
(5, 5, 'generation-v'),
(6, 6, 'generation-vi');

-- --------------------------------------------------------

--
-- Struttura della tabella `growth_rates`
--

CREATE TABLE IF NOT EXISTS `growth_rates` (
  `id` int(11) NOT NULL,
  `identifier` varchar(20) NOT NULL,
  `formula` varchar(500) NOT NULL
) ENGINE=InnoDB DEFAULT CHARSET=latin1;

--
-- Dump dei dati per la tabella `growth_rates`
--

INSERT INTO `growth_rates` (`id`, `identifier`, `formula`) VALUES
(1, 'slow', 'frac{5x^3}{4}'),
(2, 'medium', 'x^3'),
(3, 'fast', 'frac{4x^3}{5}'),
(4, 'medium-slow', 'frac{6x^3}{5} - 15x^2 + 100x - 140'),
(5, 'slow-then-very-fast', 'egin{cases}\r\nfrac{ x^3 left( 100 - x \right) }{50},    & 	ext{if } x leq 50  \\\r\nfrac{ x^3 left( 150 - x \right) }{100},   & 	ext{if } 50 < x leq 68  \\\r\nfrac{ x^3 left( 1274 + (x mod 3)^2 - 9 (x mod 3) - 20 leftlfloor frac{x}{3} \right\rfloor \right) }{1000}, & 	ext{if } 68 < x leq 98  \\\r\nfrac{ x^3 left( 160 - x \right) }{100},   & 	ext{if } x > 98  \\\r\nend{cases}'),
(6, 'fast-then-very-slow', 'egin{cases}\r\nfrac{ x^3 left( 24 + leftlfloor frac{x+1}{3} \right\rfloor \right) }{50},  & 	ext{if } x leq 15  \\\r\nfrac{ x^3 left( 14 + x \right) }{50},     & 	ext{if } 15 < x leq 35  \\\r\nfrac{ x^3 left( 32 + leftlfloor frac{x}{2} \right\rfloor \right ) }{50},   & 	ext{if } x > 35  \\\r\nend{cases}');

-- --------------------------------------------------------

--
-- Struttura della tabella `items`
--

CREATE TABLE IF NOT EXISTS `items` (
  `id` int(11) NOT NULL,
  `identifier` varchar(20) NOT NULL,
  `category_id` int(11) NOT NULL,
  `cost` int(11) NOT NULL,
  `fling_power` int(11) DEFAULT NULL,
  `fling_effect_id` int(11) DEFAULT NULL
) ENGINE=InnoDB DEFAULT CHARSET=latin1;

--
-- Dump dei dati per la tabella `items`
--

INSERT INTO `items` (`id`, `identifier`, `category_id`, `cost`, `fling_power`, `fling_effect_id`) VALUES
(1, 'master-ball', 34, 0, NULL, NULL),
(2, 'ultra-ball', 34, 1200, NULL, NULL),
(3, 'great-ball', 34, 600, NULL, NULL),
(4, 'poke-ball', 34, 200, NULL, NULL),
(5, 'safari-ball', 34, 0, NULL, NULL),
(6, 'net-ball', 33, 1000, NULL, NULL),
(7, 'dive-ball', 33, 1000, NULL, NULL),
(8, 'nest-ball', 33, 1000, NULL, NULL),
(9, 'repeat-ball', 33, 1000, NULL, NULL),
(10, 'timer-ball', 33, 1000, NULL, NULL),
(11, 'luxury-ball', 33, 1000, NULL, NULL),
(12, 'premier-ball', 33, 200, NULL, NULL),
(13, 'dusk-ball', 33, 1000, NULL, NULL),
(14, 'heal-ball', 33, 300, NULL, NULL),
(15, 'quick-ball', 33, 1000, NULL, NULL),
(16, 'cherish-ball', 33, 200, NULL, NULL),
(17, 'potion', 27, 300, 30, NULL),
(18, 'antidote', 30, 100, 30, NULL),
(19, 'burn-heal', 30, 250, 30, NULL),
(20, 'ice-heal', 30, 250, 30, NULL),
(21, 'awakening', 30, 250, 30, NULL),
(22, 'paralyze-heal', 30, 200, 30, NULL),
(23, 'full-restore', 27, 3000, 30, NULL),
(24, 'max-potion', 27, 2500, 30, NULL),
(25, 'hyper-potion', 27, 1200, 30, NULL),
(26, 'super-potion', 27, 700, 30, NULL),
(27, 'full-heal', 30, 600, 30, NULL),
(28, 'revive', 29, 1500, 30, NULL),
(29, 'max-revive', 29, 4000, 30, NULL),
(30, 'fresh-water', 27, 200, 30, NULL),
(31, 'soda-pop', 27, 300, 30, NULL),
(32, 'lemonade', 27, 350, 30, NULL),
(33, 'moomoo-milk', 27, 500, 30, NULL),
(34, 'energypowder', 27, 500, 30, NULL),
(35, 'energy-root', 27, 800, 30, NULL),
(36, 'heal-powder', 30, 450, 30, NULL),
(37, 'revival-herb', 29, 2800, 30, NULL),
(38, 'ether', 28, 1200, 30, NULL),
(39, 'max-ether', 28, 2000, 30, NULL),
(40, 'elixir', 28, 3000, 30, NULL),
(41, 'max-elixir', 28, 4500, 30, NULL),
(42, 'lava-cookie', 30, 200, 30, NULL),
(43, 'berry-juice', 27, 100, 30, NULL),
(44, 'sacred-ash', 29, 200, 30, NULL),
(45, 'hp-up', 26, 9800, 30, NULL),
(46, 'protein', 26, 9800, 30, NULL),
(47, 'iron', 26, 9800, 30, NULL),
(48, 'carbos', 26, 9800, 30, NULL),
(49, 'calcium', 26, 9800, 30, NULL),
(50, 'rare-candy', 26, 4800, 30, NULL),
(51, 'pp-up', 26, 9800, 30, NULL),
(52, 'zinc', 26, 9800, 30, NULL),
(53, 'pp-max', 26, 9800, 30, NULL),
(54, 'old-gateau', 30, 200, 30, NULL),
(55, 'guard-spec', 1, 700, 30, NULL),
(56, 'dire-hit', 1, 650, 30, NULL),
(57, 'x-attack', 1, 500, 30, NULL),
(58, 'x-defense', 1, 550, 30, NULL),
(59, 'x-speed', 1, 350, 30, NULL),
(60, 'x-accuracy', 1, 950, 30, NULL),
(61, 'x-special', 1, 350, 30, NULL),
(62, 'x-sp-def', 1, 350, 30, NULL),
(63, 'poke-doll', 11, 1000, 30, NULL),
(64, 'fluffy-tail', 11, 1000, 30, NULL),
(65, 'blue-flute', 38, 100, 30, NULL),
(66, 'yellow-flute', 38, 200, 30, NULL),
(67, 'red-flute', 38, 300, 30, NULL),
(68, 'black-flute', 11, 400, 30, NULL),
(69, 'white-flute', 11, 500, 30, NULL),
(70, 'shoal-salt', 9, 20, 30, NULL),
(71, 'shoal-shell', 9, 20, 30, NULL),
(72, 'red-shard', 9, 200, 30, NULL),
(73, 'blue-shard', 9, 200, 30, NULL),
(74, 'yellow-shard', 9, 200, 30, NULL),
(75, 'green-shard', 9, 200, 30, NULL),
(76, 'super-repel', 11, 500, 30, NULL),
(77, 'max-repel', 11, 700, 30, NULL),
(78, 'escape-rope', 11, 550, 30, NULL),
(79, 'repel', 11, 350, 30, NULL),
(80, 'sun-stone', 10, 2100, 30, NULL),
(81, 'moon-stone', 10, 2100, 30, NULL),
(82, 'fire-stone', 10, 2100, 30, NULL),
(83, 'thunderstone', 10, 2100, 30, NULL),
(84, 'water-stone', 10, 2100, 30, NULL),
(85, 'leaf-stone', 10, 2100, 30, NULL),
(86, 'tinymushroom', 24, 500, 30, NULL),
(87, 'big-mushroom', 24, 5000, 30, NULL),
(88, 'pearl', 24, 1400, 30, NULL),
(89, 'big-pearl', 24, 7500, 30, NULL),
(90, 'stardust', 24, 2000, 30, NULL),
(91, 'star-piece', 24, 9800, 30, NULL),
(92, 'nugget', 24, 10000, 30, NULL),
(93, 'heart-scale', 9, 100, 30, NULL),
(94, 'honey', 35, 100, 30, NULL),
(95, 'growth-mulch', 32, 200, 30, NULL),
(96, 'damp-mulch', 32, 200, 30, NULL),
(97, 'stable-mulch', 32, 200, 30, NULL),
(98, 'gooey-mulch', 32, 200, 30, NULL),
(99, 'root-fossil', 35, 1000, 100, NULL),
(100, 'claw-fossil', 35, 1000, 100, NULL),
(101, 'helix-fossil', 35, 1000, 100, NULL),
(102, 'dome-fossil', 35, 1000, 100, NULL),
(103, 'old-amber', 35, 1000, 100, NULL),
(104, 'armor-fossil', 35, 1000, 100, NULL),
(105, 'skull-fossil', 35, 1000, 100, NULL),
(106, 'rare-bone', 24, 10000, 100, NULL),
(107, 'shiny-stone', 10, 2100, 80, NULL),
(108, 'dusk-stone', 10, 2100, 80, NULL),
(109, 'dawn-stone', 10, 2100, 80, NULL),
(110, 'oval-stone', 10, 2100, 80, NULL),
(111, 'odd-keystone', 35, 2100, 80, NULL),
(112, 'adamant-orb', 18, 10000, 60, NULL),
(113, 'lustrous-orb', 18, 10000, 60, NULL),
(114, 'grass-mail', 25, 50, NULL, NULL),
(115, 'flame-mail', 25, 50, NULL, NULL),
(116, 'bubble-mail', 25, 50, NULL, NULL),
(117, 'bloom-mail', 25, 50, NULL, NULL),
(118, 'tunnel-mail', 25, 50, NULL, NULL),
(119, 'steel-mail', 25, 50, NULL, NULL),
(120, 'heart-mail', 25, 50, NULL, NULL),
(121, 'snow-mail', 25, 50, NULL, NULL),
(122, 'space-mail', 25, 50, NULL, NULL),
(123, 'air-mail', 25, 50, NULL, NULL),
(124, 'mosaic-mail', 25, 50, NULL, NULL),
(125, 'brick-mail', 25, 50, NULL, NULL),
(126, 'cheri-berry', 3, 20, 10, 3),
(127, 'chesto-berry', 3, 20, 10, 3),
(128, 'pecha-berry', 3, 20, 10, 3),
(129, 'rawst-berry', 3, 20, 10, 3),
(130, 'aspear-berry', 3, 20, 10, 3),
(131, 'leppa-berry', 3, 20, 10, 3),
(132, 'oran-berry', 3, 20, 10, 3),
(133, 'persim-berry', 3, 20, 10, 3),
(134, 'lum-berry', 3, 20, 10, 3),
(135, 'sitrus-berry', 3, 20, 10, 3),
(136, 'figy-berry', 6, 20, 10, 3),
(137, 'wiki-berry', 6, 20, 10, 3),
(138, 'mago-berry', 6, 20, 10, 3),
(139, 'aguav-berry', 6, 20, 10, 3),
(140, 'iapapa-berry', 6, 20, 10, 3),
(141, 'razz-berry', 8, 20, 10, NULL),
(142, 'bluk-berry', 8, 20, 10, NULL),
(143, 'nanab-berry', 8, 20, 10, NULL),
(144, 'wepear-berry', 8, 20, 10, NULL),
(145, 'pinap-berry', 8, 20, 10, NULL),
(146, 'pomeg-berry', 2, 20, 10, NULL),
(147, 'kelpsy-berry', 2, 20, 10, NULL),
(148, 'qualot-berry', 2, 20, 10, NULL),
(149, 'hondew-berry', 2, 20, 10, NULL),
(150, 'grepa-berry', 2, 20, 10, NULL),
(151, 'tamato-berry', 2, 20, 10, NULL),
(152, 'cornn-berry', 8, 20, 10, NULL),
(153, 'magost-berry', 8, 20, 10, NULL),
(154, 'rabuta-berry', 8, 20, 10, NULL),
(155, 'nomel-berry', 8, 20, 10, NULL),
(156, 'spelon-berry', 8, 20, 10, NULL),
(157, 'pamtre-berry', 8, 20, 10, NULL),
(158, 'watmel-berry', 8, 20, 10, NULL),
(159, 'durin-berry', 8, 20, 10, NULL),
(160, 'belue-berry', 8, 20, 10, NULL),
(161, 'occa-berry', 7, 20, 10, NULL),
(162, 'passho-berry', 7, 20, 10, NULL),
(163, 'wacan-berry', 7, 20, 10, NULL),
(164, 'rindo-berry', 7, 20, 10, NULL),
(165, 'yache-berry', 7, 20, 10, NULL),
(166, 'chople-berry', 7, 20, 10, NULL),
(167, 'kebia-berry', 7, 20, 10, NULL),
(168, 'shuca-berry', 7, 20, 10, NULL),
(169, 'coba-berry', 7, 20, 10, NULL),
(170, 'payapa-berry', 7, 20, 10, NULL),
(171, 'tanga-berry', 7, 20, 10, NULL),
(172, 'charti-berry', 7, 20, 10, NULL),
(173, 'kasib-berry', 7, 20, 10, NULL),
(174, 'haban-berry', 7, 20, 10, NULL),
(175, 'colbur-berry', 7, 20, 10, NULL),
(176, 'babiri-berry', 7, 20, 10, NULL),
(177, 'chilan-berry', 7, 20, 10, NULL),
(178, 'liechi-berry', 5, 20, 10, 3),
(179, 'ganlon-berry', 5, 20, 10, 3),
(180, 'salac-berry', 5, 20, 10, 3),
(181, 'petaya-berry', 5, 20, 10, 3),
(182, 'apicot-berry', 5, 20, 10, 3),
(183, 'lansat-berry', 5, 20, 10, 3),
(184, 'starf-berry', 5, 20, 10, 3),
(185, 'enigma-berry', 4, 20, 10, NULL),
(186, 'micle-berry', 5, 20, 10, 3),
(187, 'custap-berry', 5, 20, 10, NULL),
(188, 'jaboca-berry', 4, 20, 10, NULL),
(189, 'rowap-berry', 4, 20, 10, NULL),
(190, 'brightpowder', 12, 10, 10, NULL),
(191, 'white-herb', 12, 100, 10, 4),
(192, 'macho-brace', 14, 3000, 60, NULL),
(193, 'exp-share', 16, 3000, 30, NULL),
(194, 'quick-claw', 12, 100, 80, NULL),
(195, 'soothe-bell', 16, 100, 10, NULL),
(196, 'mental-herb', 12, 100, 10, 4),
(197, 'choice-band', 13, 100, 10, NULL),
(198, 'kings-rock', 12, 100, 30, 7),
(199, 'silverpowder', 19, 100, 10, NULL),
(200, 'amulet-coin', 16, 100, 30, NULL),
(201, 'cleanse-tag', 16, 200, 30, NULL),
(202, 'soul-dew', 18, 200, 30, NULL),
(203, 'deepseatooth', 18, 200, 90, NULL),
(204, 'deepseascale', 18, 200, 30, NULL),
(205, 'smoke-ball', 12, 200, 30, NULL),
(206, 'everstone', 16, 200, 30, NULL),
(207, 'focus-band', 12, 200, 10, NULL),
(208, 'lucky-egg', 16, 200, 30, NULL),
(209, 'scope-lens', 12, 200, 30, NULL),
(210, 'metal-coat', 19, 100, 30, NULL),
(211, 'leftovers', 12, 200, 10, NULL),
(212, 'dragon-scale', 10, 2100, 30, NULL),
(213, 'light-ball', 18, 100, 30, 5),
(214, 'soft-sand', 19, 100, 10, NULL),
(215, 'hard-stone', 19, 100, 100, NULL),
(216, 'miracle-seed', 19, 100, 30, NULL),
(217, 'blackglasses', 19, 100, 30, NULL),
(218, 'black-belt', 19, 100, 30, NULL),
(219, 'magnet', 19, 100, 30, NULL),
(220, 'mystic-water', 19, 100, 30, NULL),
(221, 'sharp-beak', 19, 100, 50, NULL),
(222, 'poison-barb', 19, 100, 70, 6),
(223, 'never-melt-ice', 19, 100, 30, NULL),
(224, 'spell-tag', 19, 100, 30, NULL),
(225, 'twistedspoon', 19, 100, 30, NULL),
(226, 'charcoal', 19, 9800, 30, NULL),
(227, 'dragon-fang', 19, 100, 70, NULL),
(228, 'silk-scarf', 19, 100, 10, NULL),
(229, 'up-grade', 10, 2100, 30, NULL),
(230, 'shell-bell', 12, 200, 30, NULL),
(231, 'sea-incense', 19, 9600, 10, NULL),
(232, 'lax-incense', 12, 9600, 10, NULL),
(233, 'lucky-punch', 18, 10, 40, NULL),
(234, 'metal-powder', 18, 10, 10, NULL),
(235, 'thick-club', 18, 500, 90, NULL),
(236, 'stick', 18, 200, 60, NULL),
(237, 'red-scarf', 36, 100, 10, NULL),
(238, 'blue-scarf', 36, 100, 10, NULL),
(239, 'pink-scarf', 36, 100, 10, NULL),
(240, 'green-scarf', 36, 100, 10, NULL),
(241, 'yellow-scarf', 36, 100, 10, NULL),
(242, 'wide-lens', 12, 200, 10, NULL),
(243, 'muscle-band', 12, 200, 10, NULL),
(244, 'wise-glasses', 12, 200, 10, NULL),
(245, 'expert-belt', 12, 200, 10, NULL),
(246, 'light-clay', 12, 200, 30, NULL),
(247, 'life-orb', 12, 200, 30, NULL),
(248, 'power-herb', 12, 100, 10, NULL),
(249, 'toxic-orb', 15, 100, 30, 1),
(250, 'flame-orb', 15, 100, 30, 2),
(251, 'quick-powder', 18, 10, 10, NULL),
(252, 'focus-sash', 12, 200, 10, NULL),
(253, 'zoom-lens', 12, 200, 10, NULL),
(254, 'metronome', 12, 200, 30, NULL),
(255, 'iron-ball', 15, 200, 130, NULL),
(256, 'lagging-tail', 15, 200, 10, NULL),
(257, 'destiny-knot', 12, 200, 10, NULL),
(258, 'black-sludge', 12, 200, 30, NULL),
(259, 'icy-rock', 12, 200, 40, NULL),
(260, 'smooth-rock', 12, 200, 10, NULL),
(261, 'heat-rock', 12, 200, 60, NULL),
(262, 'damp-rock', 12, 200, 60, NULL),
(263, 'grip-claw', 12, 200, 90, NULL),
(264, 'choice-scarf', 13, 200, 10, NULL),
(265, 'sticky-barb', 15, 200, 80, NULL),
(266, 'power-bracer', 14, 3000, 70, NULL),
(267, 'power-belt', 14, 3000, 70, NULL),
(268, 'power-lens', 14, 3000, 70, NULL),
(269, 'power-band', 14, 3000, 70, NULL),
(270, 'power-anklet', 14, 3000, 70, NULL),
(271, 'power-weight', 14, 3000, 70, NULL),
(272, 'shed-shell', 12, 100, 10, NULL),
(273, 'big-root', 12, 200, 10, NULL),
(274, 'choice-specs', 13, 200, 10, NULL),
(275, 'flame-plate', 17, 1000, 90, NULL),
(276, 'splash-plate', 17, 1000, 90, NULL),
(277, 'zap-plate', 17, 1000, 90, NULL),
(278, 'meadow-plate', 17, 1000, 90, NULL),
(279, 'icicle-plate', 17, 1000, 90, NULL),
(280, 'fist-plate', 17, 1000, 90, NULL),
(281, 'toxic-plate', 17, 1000, 90, NULL),
(282, 'earth-plate', 17, 1000, 90, NULL),
(283, 'sky-plate', 17, 1000, 90, NULL),
(284, 'mind-plate', 17, 1000, 90, NULL),
(285, 'insect-plate', 17, 1000, 90, NULL),
(286, 'stone-plate', 17, 1000, 90, NULL),
(287, 'spooky-plate', 17, 1000, 90, NULL),
(288, 'draco-plate', 17, 1000, 90, NULL),
(289, 'dread-plate', 17, 1000, 90, NULL),
(290, 'iron-plate', 17, 1000, 90, NULL),
(291, 'odd-incense', 19, 9600, 10, NULL),
(292, 'rock-incense', 19, 9600, 10, NULL),
(293, 'full-incense', 15, 9600, 10, NULL),
(294, 'wave-incense', 19, 9600, 10, NULL),
(295, 'rose-incense', 19, 9600, 10, NULL),
(296, 'luck-incense', 16, 9600, 10, NULL),
(297, 'pure-incense', 16, 9600, 10, NULL),
(298, 'protector', 10, 2100, 80, NULL),
(299, 'electirizer', 10, 2100, 80, NULL),
(300, 'magmarizer', 10, 2100, 80, NULL),
(301, 'dubious-disc', 10, 2100, 50, NULL),
(302, 'reaper-cloth', 10, 2100, 10, NULL),
(303, 'razor-claw', 12, 2100, 80, NULL),
(304, 'razor-fang', 12, 2100, 30, 7),
(305, 'tm01', 37, 3000, NULL, NULL),
(306, 'tm02', 37, 3000, NULL, NULL),
(307, 'tm03', 37, 3000, NULL, NULL),
(308, 'tm04', 37, 1500, NULL, NULL),
(309, 'tm05', 37, 1000, NULL, NULL),
(310, 'tm06', 37, 3000, NULL, NULL),
(311, 'tm07', 37, 2000, NULL, NULL),
(312, 'tm08', 37, 1500, NULL, NULL),
(313, 'tm09', 37, 2000, NULL, NULL),
(314, 'tm10', 37, 2000, NULL, NULL),
(315, 'tm11', 37, 2000, NULL, NULL),
(316, 'tm12', 37, 1500, NULL, NULL),
(317, 'tm13', 37, 3000, NULL, NULL),
(318, 'tm14', 37, 5500, NULL, NULL),
(319, 'tm15', 37, 7500, NULL, NULL),
(320, 'tm16', 37, 2000, NULL, NULL),
(321, 'tm17', 37, 2000, NULL, NULL),
(322, 'tm18', 37, 2000, NULL, NULL),
(323, 'tm19', 37, 3000, NULL, NULL),
(324, 'tm20', 37, 2000, NULL, NULL),
(325, 'tm21', 37, 1000, NULL, NULL),
(326, 'tm22', 37, 3000, NULL, NULL),
(327, 'tm23', 37, 3000, NULL, NULL),
(328, 'tm24', 37, 3000, NULL, NULL),
(329, 'tm25', 37, 5500, NULL, NULL),
(330, 'tm26', 37, 3000, NULL, NULL),
(331, 'tm27', 37, 1000, NULL, NULL),
(332, 'tm28', 37, 2000, NULL, NULL),
(333, 'tm29', 37, 3000, NULL, NULL),
(334, 'tm30', 37, 3000, NULL, NULL),
(335, 'tm31', 37, 3000, NULL, NULL),
(336, 'tm32', 37, 1000, NULL, NULL),
(337, 'tm33', 37, 2000, NULL, NULL),
(338, 'tm34', 37, 3000, NULL, NULL),
(339, 'tm35', 37, 3000, NULL, NULL),
(340, 'tm36', 37, 3000, NULL, NULL),
(341, 'tm37', 37, 2000, NULL, NULL),
(342, 'tm38', 37, 5500, NULL, NULL),
(343, 'tm39', 37, 2000, NULL, NULL),
(344, 'tm40', 37, 3000, NULL, NULL),
(345, 'tm41', 37, 1500, NULL, NULL),
(346, 'tm42', 37, 3000, NULL, NULL),
(347, 'tm43', 37, 2000, NULL, NULL),
(348, 'tm44', 37, 3000, NULL, NULL),
(349, 'tm45', 37, 3000, NULL, NULL),
(350, 'tm46', 37, 2000, NULL, NULL),
(351, 'tm47', 37, 3000, NULL, NULL),
(352, 'tm48', 37, 3000, NULL, NULL),
(353, 'tm49', 37, 1500, NULL, NULL),
(354, 'tm50', 37, 5500, NULL, NULL),
(355, 'tm51', 37, 2000, NULL, NULL),
(356, 'tm52', 37, 5500, NULL, NULL),
(357, 'tm53', 37, 3000, NULL, NULL),
(358, 'tm54', 37, 2000, NULL, NULL),
(359, 'tm55', 37, 3000, NULL, NULL),
(360, 'tm56', 37, 2000, NULL, NULL),
(361, 'tm57', 37, 3000, NULL, NULL),
(362, 'tm58', 37, 2000, NULL, NULL),
(363, 'tm59', 37, 3000, NULL, NULL),
(364, 'tm60', 37, 3000, NULL, NULL),
(365, 'tm61', 37, 2000, NULL, NULL),
(366, 'tm62', 37, 3000, NULL, NULL),
(367, 'tm63', 37, 2000, NULL, NULL),
(368, 'tm64', 37, 7500, NULL, NULL),
(369, 'tm65', 37, 3000, NULL, NULL),
(370, 'tm66', 37, 3000, NULL, NULL),
(371, 'tm67', 37, 1000, NULL, NULL),
(372, 'tm68', 37, 7500, NULL, NULL),
(373, 'tm69', 37, 1500, NULL, NULL),
(374, 'tm70', 37, 1000, NULL, NULL),
(375, 'tm71', 37, 3000, NULL, NULL),
(376, 'tm72', 37, 3000, NULL, NULL),
(377, 'tm73', 37, 2000, NULL, NULL),
(378, 'tm74', 37, 3000, NULL, NULL),
(379, 'tm75', 37, 1500, NULL, NULL),
(380, 'tm76', 37, 2000, NULL, NULL),
(381, 'tm77', 37, 1500, NULL, NULL),
(382, 'tm78', 37, 1500, NULL, NULL),
(383, 'tm79', 37, 3000, NULL, NULL),
(384, 'tm80', 37, 3000, NULL, NULL),
(385, 'tm81', 37, 3000, NULL, NULL),
(386, 'tm82', 37, 1000, NULL, NULL),
(387, 'tm83', 37, 2000, NULL, NULL),
(388, 'tm84', 37, 3000, NULL, NULL),
(389, 'tm85', 37, 3000, NULL, NULL),
(390, 'tm86', 37, 3000, NULL, NULL),
(391, 'tm87', 37, 1500, NULL, NULL),
(392, 'tm88', 37, 3000, NULL, NULL),
(393, 'tm89', 37, 3000, NULL, NULL),
(394, 'tm90', 37, 2000, NULL, NULL),
(395, 'tm91', 37, 3000, NULL, NULL),
(396, 'tm92', 37, 5500, NULL, NULL),
(397, 'hm01', 37, 0, NULL, NULL),
(398, 'hm02', 37, 0, NULL, NULL),
(399, 'hm03', 37, 0, NULL, NULL),
(400, 'hm04', 37, 0, NULL, NULL),
(401, 'hm05', 37, 0, NULL, NULL),
(402, 'hm06', 37, 0, NULL, NULL),
(403, 'hm07', 37, 0, NULL, NULL),
(404, 'hm08', 37, 0, NULL, NULL),
(405, 'explorer-kit', 21, 0, NULL, NULL),
(406, 'loot-sack', 23, 0, NULL, NULL),
(407, 'rule-book', 23, 0, NULL, NULL),
(408, 'poke-radar', 21, 0, NULL, NULL),
(409, 'point-card', 21, 0, NULL, NULL),
(410, 'journal', 21, 0, NULL, NULL),
(411, 'seal-case', 21, 0, NULL, NULL),
(412, 'fashion-case', 21, 0, NULL, NULL),
(413, 'seal-bag', 23, 0, NULL, NULL),
(414, 'pal-pad', 21, 0, NULL, NULL),
(415, 'works-key', 22, 0, NULL, NULL),
(416, 'old-charm', 22, 0, NULL, NULL),
(417, 'galactic-key', 22, 0, NULL, NULL),
(418, 'red-chain', 23, 0, NULL, NULL),
(419, 'town-map', 21, 0, NULL, NULL),
(420, 'vs-seeker', 21, 0, NULL, NULL),
(421, 'coin-case', 21, 0, NULL, NULL),
(422, 'old-rod', 21, 0, NULL, NULL),
(423, 'good-rod', 21, 0, NULL, NULL),
(424, 'super-rod', 21, 0, NULL, NULL),
(425, 'sprayduck', 21, 0, NULL, NULL),
(426, 'poffin-case', 21, 0, NULL, NULL),
(427, 'bicycle', 21, 0, NULL, NULL),
(428, 'suite-key', 20, 0, NULL, NULL),
(429, 'oaks-letter', 20, 0, NULL, NULL),
(430, 'lunar-wing', 20, 0, NULL, NULL),
(431, 'member-card', 20, 0, NULL, NULL),
(432, 'azure-flute', 20, 0, NULL, NULL),
(433, 'ss-ticket', 22, 0, NULL, NULL),
(434, 'contest-pass', 21, 0, NULL, NULL),
(435, 'magma-stone', 22, 0, NULL, NULL),
(436, 'parcel', 22, 0, NULL, NULL),
(437, 'coupon-1', 22, 0, NULL, NULL),
(438, 'coupon-2', 22, 0, NULL, NULL),
(439, 'coupon-3', 22, 0, NULL, NULL),
(440, 'storage-key', 22, 0, NULL, NULL),
(441, 'secretpotion', 22, 0, NULL, NULL),
(442, 'griseous-orb', 18, 10000, NULL, NULL),
(443, 'vs-recorder', 21, 0, NULL, NULL),
(444, 'gracidea', 20, 0, NULL, NULL),
(445, 'secret-key', 20, 0, NULL, NULL),
(446, 'apricorn-box', 21, 0, NULL, NULL),
(447, 'berry-pots', 21, 0, NULL, NULL),
(448, 'squirtbottle', 22, 0, NULL, NULL),
(449, 'lure-ball', 39, 300, NULL, NULL),
(450, 'level-ball', 39, 300, NULL, NULL),
(451, 'moon-ball', 39, 300, NULL, NULL),
(452, 'heavy-ball', 39, 300, NULL, NULL),
(453, 'fast-ball', 39, 300, NULL, NULL),
(454, 'friend-ball', 39, 300, NULL, NULL),
(455, 'love-ball', 39, 300, NULL, NULL),
(456, 'park-ball', 34, 0, NULL, NULL),
(457, 'sport-ball', 34, 0, NULL, NULL),
(458, 'red-apricorn', 40, 0, NULL, NULL),
(459, 'blu-apricorn', 40, 0, NULL, NULL),
(460, 'ylw-apricorn', 40, 0, NULL, NULL),
(461, 'grn-apricorn', 40, 0, NULL, NULL),
(462, 'pnk-apricorn', 40, 0, NULL, NULL),
(463, 'wht-apricorn', 40, 0, NULL, NULL),
(464, 'blk-apricorn', 40, 0, NULL, NULL),
(465, 'dowsing-machine', 21, 0, NULL, NULL),
(466, 'ragecandybar', 21, 0, NULL, NULL),
(467, 'red-orb', 22, 0, NULL, NULL),
(468, 'blue-orb', 22, 0, NULL, NULL),
(469, 'jade-orb', 22, 0, NULL, NULL),
(470, 'enigma-stone', 20, 0, NULL, NULL),
(471, 'unown-report', 21, 0, NULL, NULL),
(472, 'blue-card', 21, 0, NULL, NULL),
(473, 'slowpoketail', 23, 0, NULL, NULL),
(474, 'clear-bell', 22, 0, NULL, NULL),
(475, 'card-key', 22, 0, NULL, NULL),
(476, 'basement-key', 22, 0, NULL, NULL),
(477, 'red-scale', 22, 0, NULL, NULL),
(478, 'lost-item', 22, 0, NULL, NULL),
(479, 'pass', 22, 0, NULL, NULL),
(480, 'machine-part', 22, 0, NULL, NULL),
(481, 'silver-wing', 22, 0, NULL, NULL),
(482, 'rainbow-wing', 22, 0, NULL, NULL),
(483, 'mystery-egg', 22, 0, NULL, NULL),
(484, 'gb-sounds', 21, 0, NULL, NULL),
(485, 'tidal-bell', 22, 0, NULL, NULL),
(486, 'data-card-01', 41, 0, NULL, NULL),
(487, 'data-card-02', 41, 0, NULL, NULL),
(488, 'data-card-03', 41, 0, NULL, NULL),
(489, 'data-card-04', 41, 0, NULL, NULL),
(490, 'data-card-05', 41, 0, NULL, NULL),
(491, 'data-card-06', 41, 0, NULL, NULL),
(492, 'data-card-07', 41, 0, NULL, NULL),
(493, 'data-card-08', 41, 0, NULL, NULL),
(494, 'data-card-09', 41, 0, NULL, NULL),
(495, 'data-card-10', 41, 0, NULL, NULL),
(496, 'data-card-11', 41, 0, NULL, NULL),
(497, 'data-card-12', 41, 0, NULL, NULL),
(498, 'data-card-13', 41, 0, NULL, NULL),
(499, 'data-card-14', 41, 0, NULL, NULL),
(500, 'data-card-15', 41, 0, NULL, NULL),
(501, 'data-card-16', 41, 0, NULL, NULL),
(502, 'data-card-17', 41, 0, NULL, NULL),
(503, 'data-card-18', 41, 0, NULL, NULL),
(504, 'data-card-19', 41, 0, NULL, NULL),
(505, 'data-card-20', 41, 0, NULL, NULL),
(506, 'data-card-21', 41, 0, NULL, NULL),
(507, 'data-card-22', 41, 0, NULL, NULL),
(508, 'data-card-23', 41, 0, NULL, NULL),
(509, 'data-card-24', 41, 0, NULL, NULL),
(510, 'data-card-25', 41, 0, NULL, NULL),
(511, 'data-card-26', 41, 0, NULL, NULL),
(512, 'data-card-27', 41, 0, NULL, NULL),
(513, 'lock-capsule', 23, 0, NULL, NULL),
(514, 'photo-album', 23, 0, NULL, NULL),
(515, 'orange-mail', 25, 50, NULL, NULL),
(516, 'harbor-mail', 25, 50, NULL, NULL),
(517, 'glitter-mail', 25, 50, NULL, NULL),
(518, 'mech-mail', 25, 50, NULL, NULL),
(519, 'wood-mail', 25, 50, NULL, NULL),
(520, 'wave-mail', 25, 50, NULL, NULL),
(521, 'bead-mail', 25, 50, NULL, NULL),
(522, 'shadow-mail', 25, 50, NULL, NULL),
(523, 'tropic-mail', 25, 50, NULL, NULL),
(524, 'dream-mail', 25, 50, NULL, NULL),
(525, 'fab-mail', 25, 50, NULL, NULL),
(526, 'retro-mail', 25, 0, NULL, NULL),
(527, 'mach-bike', 21, 0, NULL, NULL),
(528, 'acro-bike', 21, 0, NULL, NULL),
(529, 'wailmer-pail', 21, 0, NULL, NULL),
(530, 'devon-goods', 22, 0, NULL, NULL),
(531, 'soot-sack', 21, 0, NULL, NULL),
(532, 'pokeblock-case', 21, 0, NULL, NULL),
(533, 'letter', 22, 0, NULL, NULL),
(534, 'eon-ticket', 20, 0, NULL, NULL),
(535, 'scanner', 22, 0, NULL, NULL),
(536, 'go-goggles', 21, 0, NULL, NULL),
(537, 'meteorite', 22, 0, NULL, NULL),
(538, 'rm-1-key', 22, 0, NULL, NULL),
(539, 'rm-2-key', 22, 0, NULL, NULL),
(540, 'rm-4-key', 22, 0, NULL, NULL),
(541, 'rm-6-key', 22, 0, NULL, NULL),
(542, 'devon-scope', 21, 0, NULL, NULL),
(543, 'oaks-parcel', 22, 0, NULL, NULL),
(544, 'poke-flute', 22, 0, NULL, NULL),
(545, 'bike-voucher', 22, 0, NULL, NULL),
(546, 'gold-teeth', 22, 0, NULL, NULL),
(547, 'lift-key', 22, 0, NULL, NULL),
(548, 'silph-scope', 22, 0, NULL, NULL),
(549, 'fame-checker', 21, 0, NULL, NULL),
(550, 'tm-case', 21, 0, NULL, NULL),
(551, 'berry-pouch', 21, 0, NULL, NULL),
(552, 'teachy-tv', 21, 0, NULL, NULL),
(553, 'tri-pass', 22, 0, NULL, NULL),
(554, 'rainbow-pass', 22, 0, NULL, NULL),
(555, 'tea', 22, 0, NULL, NULL),
(556, 'mysticticket', 20, 0, NULL, NULL),
(557, 'auroraticket', 20, 0, NULL, NULL),
(558, 'powder-jar', 21, 0, NULL, NULL),
(559, 'ruby', 22, 0, NULL, NULL),
(560, 'sapphire', 22, 0, NULL, NULL),
(561, 'magma-emblem', 22, 0, NULL, NULL),
(562, 'old-sea-map', 20, 0, NULL, NULL),
(563, 'douse-drive', 18, 1000, 70, NULL),
(564, 'shock-drive', 18, 1000, 70, NULL),
(565, 'burn-drive', 18, 1000, 70, NULL),
(566, 'chill-drive', 18, 1000, 70, NULL),
(567, 'sweet-heart', 27, 100, 30, NULL),
(568, 'greet-mail', 25, 50, NULL, NULL),
(569, 'favored-mail', 25, 50, NULL, NULL),
(570, 'rsvp-mail', 25, 50, NULL, NULL),
(571, 'thanks-mail', 25, 50, NULL, NULL),
(572, 'inquiry-mail', 25, 50, NULL, NULL),
(573, 'like-mail', 25, 50, NULL, NULL),
(574, 'reply-mail', 25, 50, NULL, NULL),
(575, 'bridgemail-s', 25, 50, NULL, NULL),
(576, 'bridgemail-d', 25, 50, NULL, NULL),
(577, 'bridgemail-t', 25, 50, NULL, NULL),
(578, 'bridgemail-v', 25, 50, NULL, NULL),
(579, 'bridgemail-m', 25, 50, NULL, NULL),
(580, 'prism-scale', 10, 500, 30, NULL),
(581, 'eviolite', 12, 200, 40, NULL),
(582, 'float-stone', 12, 200, 30, NULL),
(583, 'rocky-helmet', 12, 200, 60, NULL),
(584, 'air-balloon', 12, 200, 10, NULL),
(585, 'red-card', 12, 200, 10, NULL),
(586, 'ring-target', 12, 200, 10, NULL),
(587, 'binding-band', 12, 200, 30, NULL),
(588, 'absorb-bulb', 12, 200, 30, NULL),
(589, 'cell-battery', 12, 200, 30, NULL),
(590, 'eject-button', 12, 200, 30, NULL),
(591, 'fire-gem', 42, 200, NULL, NULL),
(592, 'water-gem', 42, 200, NULL, NULL),
(593, 'electric-gem', 42, 200, NULL, NULL),
(594, 'grass-gem', 42, 200, NULL, NULL),
(595, 'ice-gem', 42, 200, NULL, NULL),
(596, 'fighting-gem', 42, 200, NULL, NULL),
(597, 'poison-gem', 42, 200, NULL, NULL),
(598, 'ground-gem', 42, 200, NULL, NULL),
(599, 'flying-gem', 42, 200, NULL, NULL),
(600, 'psychic-gem', 42, 200, NULL, NULL),
(601, 'bug-gem', 42, 200, NULL, NULL),
(602, 'rock-gem', 42, 200, NULL, NULL),
(603, 'ghost-gem', 42, 200, NULL, NULL),
(604, 'dark-gem', 42, 200, NULL, NULL),
(605, 'steel-gem', 42, 200, NULL, NULL),
(606, 'health-wing', 26, 3000, 20, NULL),
(607, 'muscle-wing', 26, 3000, 20, NULL),
(608, 'resist-wing', 26, 3000, 20, NULL),
(609, 'genius-wing', 26, 3000, 20, NULL),
(610, 'clever-wing', 26, 3000, 20, NULL),
(611, 'swift-wing', 26, 3000, 20, NULL),
(612, 'pretty-wing', 24, 200, 20, NULL),
(613, 'cover-fossil', 35, 1000, 100, NULL),
(614, 'plume-fossil', 35, 1000, 100, NULL),
(615, 'liberty-pass', 20, 0, NULL, NULL),
(616, 'pass-orb', 12, 200, 30, NULL),
(617, 'dream-ball', 33, 0, NULL, NULL),
(618, 'poke-toy', 11, 1000, 30, NULL),
(619, 'prop-case', 21, 0, NULL, NULL),
(620, 'dragon-skull', 22, 0, NULL, NULL),
(621, 'balmmushroom', 24, 0, 30, NULL),
(622, 'big-nugget', 24, 0, 30, NULL),
(623, 'pearl-string', 24, 0, 30, NULL),
(624, 'comet-shard', 24, 0, 30, NULL),
(625, 'relic-copper', 24, 0, 30, NULL),
(626, 'relic-silver', 24, 0, 30, NULL),
(627, 'relic-gold', 24, 0, 30, NULL),
(628, 'relic-vase', 24, 0, 30, NULL),
(629, 'relic-band', 24, 0, 30, NULL),
(630, 'relic-statue', 24, 0, 30, NULL),
(631, 'relic-crown', 24, 0, 30, NULL),
(632, 'casteliacone', 30, 100, 30, NULL),
(633, 'dire-hit-2', 43, 0, NULL, NULL),
(634, 'x-speed-2', 43, 0, NULL, NULL),
(635, 'x-special-2', 43, 0, NULL, NULL),
(636, 'x-sp-def-2', 43, 0, NULL, NULL),
(637, 'x-defend-2', 43, 0, NULL, NULL),
(638, 'x-attack-2', 43, 0, NULL, NULL),
(639, 'x-accuracy-2', 43, 0, NULL, NULL),
(640, 'x-speed-3', 43, 0, NULL, NULL),
(641, 'x-special-3', 43, 0, NULL, NULL),
(642, 'x-sp-def-3', 43, 0, NULL, NULL),
(643, 'x-defend-3', 43, 0, NULL, NULL),
(644, 'x-attack-3', 43, 0, NULL, NULL),
(645, 'x-accuracy-3', 43, 0, NULL, NULL),
(646, 'x-speed-6', 43, 0, NULL, NULL),
(647, 'x-special-6', 43, 0, NULL, NULL),
(648, 'x-sp-def-6', 43, 0, NULL, NULL),
(649, 'x-defend-6', 43, 0, NULL, NULL),
(650, 'x-attack-6', 43, 0, NULL, NULL),
(651, 'x-accuracy-6', 43, 0, NULL, NULL),
(652, 'ability-urge', 43, 0, NULL, NULL),
(653, 'item-drop', 43, 0, NULL, NULL),
(654, 'item-urge', 43, 0, NULL, NULL),
(655, 'reset-urge', 43, 0, NULL, NULL),
(656, 'dire-hit-3', 43, 0, NULL, NULL),
(657, 'light-stone', 22, 0, NULL, NULL),
(658, 'dark-stone', 22, 0, NULL, NULL),
(659, 'tm93', 37, 10000, NULL, NULL),
(660, 'tm94', 37, 10000, NULL, NULL),
(661, 'tm95', 37, 10000, NULL, NULL),
(662, 'xtransceiver', 21, 0, NULL, NULL),
(663, 'god-stone', 23, 0, NULL, NULL),
(664, 'gram-1', 22, 0, NULL, NULL),
(665, 'gram-2', 22, 0, NULL, NULL),
(666, 'gram-3', 22, 0, NULL, NULL),
(668, 'dragon-gem', 42, 200, NULL, NULL),
(669, 'normal-gem', 42, 200, NULL, NULL),
(670, 'medal-box', 21, 0, NULL, NULL),
(671, 'dna-splicers', 21, 0, NULL, NULL),
(673, 'permit', 21, 0, NULL, NULL),
(674, 'oval-charm', 21, 0, NULL, NULL),
(675, 'shiny-charm', 21, 0, NULL, NULL),
(676, 'plasma-card', 22, 0, NULL, NULL),
(677, 'grubby-hanky', 22, 0, NULL, NULL),
(678, 'colress-mchn', 22, 0, NULL, NULL),
(679, 'dropped-item', 22, 0, NULL, NULL),
(681, 'reveal-glass', 21, 0, NULL, NULL),
(682, 'weakness-policy', 12, 0, NULL, NULL),
(683, 'assault-vest', 12, 0, NULL, NULL),
(684, 'pixie-plate', 17, 0, NULL, NULL),
(685, 'ability-capsule', 26, 0, NULL, NULL),
(686, 'whipped-dream', 10, 0, NULL, NULL),
(687, 'sachet', 10, 0, NULL, NULL),
(688, 'luminous-moss', 12, 0, NULL, NULL),
(689, 'snowball', 12, 0, NULL, NULL),
(690, 'safety-goggles', 12, 0, NULL, NULL),
(691, 'rich-mulch', 32, 0, NULL, NULL),
(692, 'surprise-mulch', 32, 0, NULL, NULL),
(693, 'boost-mulch', 32, 0, NULL, NULL),
(694, 'amaze-mulch', 32, 0, NULL, NULL),
(695, 'gengarite', 44, 0, NULL, NULL),
(696, 'gardevoirite', 44, 0, NULL, NULL),
(697, 'ampharosite', 44, 0, NULL, NULL),
(698, 'venusaurite', 44, 0, NULL, NULL),
(699, 'charizardite-x', 44, 0, NULL, NULL),
(700, 'blastoisinite', 44, 0, NULL, NULL),
(701, 'mewtwonite-x', 44, 0, NULL, NULL),
(702, 'mewtwonite-y', 44, 0, NULL, NULL),
(703, 'blazikenite', 44, 0, NULL, NULL),
(704, 'medichamite', 44, 0, NULL, NULL),
(705, 'houndoominite', 44, 0, NULL, NULL),
(706, 'aggronite', 44, 0, NULL, NULL),
(707, 'banettite', 44, 0, NULL, NULL),
(708, 'tyranitarite', 44, 0, NULL, NULL),
(709, 'scizorite', 44, 0, NULL, NULL),
(710, 'pinsirite', 44, 0, NULL, NULL),
(711, 'aerodactylite', 44, 0, NULL, NULL),
(712, 'lucarionite', 44, 0, NULL, NULL),
(713, 'abomasite', 44, 0, NULL, NULL),
(714, 'kangaskhanite', 44, 0, NULL, NULL),
(715, 'gyaradosite', 44, 0, NULL, NULL),
(716, 'absolite', 44, 0, NULL, NULL),
(717, 'charizardite-y', 44, 0, NULL, NULL),
(718, 'alakazite', 44, 0, NULL, NULL),
(719, 'heracronite', 44, 0, NULL, NULL),
(720, 'mawilite', 44, 0, NULL, NULL),
(721, 'manectite', 44, 0, NULL, NULL),
(722, 'garchompite', 44, 0, NULL, NULL),
(723, 'roseli-berry', 7, 0, NULL, NULL),
(724, 'kee-berry', 4, 0, NULL, NULL),
(725, 'maranga-berry', 4, 0, NULL, NULL),
(726, 'bargain-ticket', 10001, 0, NULL, NULL),
(727, 'strange-souvenir', 10001, 0, NULL, NULL),
(728, 'lumiose-galette', 30, 0, NULL, NULL),
(729, 'jaw-fossil', 35, 0, NULL, NULL),
(730, 'sail-fossil', 35, 0, NULL, NULL),
(731, 'fairy-gem', 42, 0, NULL, NULL),
(732, 'adventure-rules', 21, 0, NULL, NULL),
(733, 'elevator-key', 22, 0, NULL, NULL),
(734, 'holo-caster', 21, 0, NULL, NULL),
(735, 'honor-of-kalos', 22, 0, NULL, NULL),
(736, 'intriguing-stone', 22, 0, NULL, NULL),
(737, 'lens-case', 21, 0, NULL, NULL),
(738, 'looker-ticket', 22, 0, NULL, NULL),
(739, 'mega-ring', 21, 0, NULL, NULL),
(740, 'power-plant-pass', 22, 0, NULL, NULL),
(741, 'profs-letter', 22, 0, NULL, NULL),
(742, 'roller-skates', 21, 0, NULL, NULL),
(743, 'sprinklotad', 21, 0, NULL, NULL),
(744, 'tmv-pass', 21, 0, NULL, NULL),
(745, 'tm96', 37, 0, NULL, NULL),
(746, 'tm97', 37, 0, NULL, NULL),
(747, 'tm98', 37, 0, NULL, NULL),
(748, 'tm99', 37, 0, NULL, NULL),
(749, 'tm100', 37, 0, NULL, NULL);

-- --------------------------------------------------------

--
-- Struttura della tabella `item_categories`
--

CREATE TABLE IF NOT EXISTS `item_categories` (
  `id` int(11) NOT NULL,
  `pocket_id` int(11) NOT NULL,
  `identifier` varchar(16) NOT NULL
) ENGINE=InnoDB DEFAULT CHARSET=latin1;

--
-- Dump dei dati per la tabella `item_categories`
--

INSERT INTO `item_categories` (`id`, `pocket_id`, `identifier`) VALUES
(1, 7, 'stat-boosts'),
(2, 5, 'effort-drop'),
(3, 5, 'medicine'),
(4, 5, 'other'),
(5, 5, 'in-a-pinch'),
(6, 5, 'picky-healing'),
(7, 5, 'type-protection'),
(8, 5, 'baking-only'),
(9, 1, 'collectibles'),
(10, 1, 'evolution'),
(11, 1, 'spelunking'),
(12, 1, 'held-items'),
(13, 1, 'choice'),
(14, 1, 'effort-training'),
(15, 1, 'bad-held-items'),
(16, 1, 'training'),
(17, 1, 'plates'),
(18, 1, 'species-specific'),
(19, 1, 'type-enhancement'),
(20, 8, 'event-items'),
(21, 8, 'gameplay'),
(22, 8, 'plot-advancement'),
(23, 8, 'unused'),
(24, 1, 'loot'),
(25, 6, ''),
(26, 2, 'vitamins'),
(27, 2, 'healing'),
(28, 2, 'pp-recovery'),
(29, 2, 'revival'),
(30, 2, 'status-cures'),
(32, 1, 'mulch'),
(33, 3, 'special-balls'),
(34, 3, 'standard-balls'),
(35, 1, 'dex-completion'),
(36, 1, 'scarves'),
(37, 4, ''),
(38, 7, 'flutes'),
(39, 3, 'apricorn-balls'),
(40, 8, 'apricorn-box'),
(41, 8, 'data-cards'),
(42, 1, 'jewels'),
(43, 7, 'miracle-shooter'),
(44, 1, 'mega-stones'),
(10001, 8, 'xy-unknown');

-- --------------------------------------------------------

--
-- Struttura della tabella `item_fling_effects`
--

CREATE TABLE IF NOT EXISTS `item_fling_effects` (
  `id` int(11) NOT NULL
) ENGINE=InnoDB DEFAULT CHARSET=latin1;

--
-- Dump dei dati per la tabella `item_fling_effects`
--

INSERT INTO `item_fling_effects` (`id`) VALUES
(1),
(2),
(3),
(4),
(5),
(6),
(7);

-- --------------------------------------------------------

--
-- Struttura della tabella `item_pockets`
--

CREATE TABLE IF NOT EXISTS `item_pockets` (
  `id` int(11) NOT NULL,
  `identifier` varchar(16) NOT NULL
) ENGINE=InnoDB DEFAULT CHARSET=latin1;

--
-- Dump dei dati per la tabella `item_pockets`
--

INSERT INTO `item_pockets` (`id`, `identifier`) VALUES
(1, 'misc'),
(2, 'medicine'),
(3, 'pokeballs'),
(4, 'machines'),
(5, 'berries'),
(6, 'mail'),
(7, 'battle'),
(8, 'key');

-- --------------------------------------------------------

--
-- Struttura della tabella `pokemon`
--

CREATE TABLE IF NOT EXISTS `pokemon` (
  `id` int(11) NOT NULL,
  `identifier` varchar(30) NOT NULL,
  `species_id` int(11) DEFAULT NULL,
  `height` int(11) NOT NULL,
  `weight` int(11) NOT NULL,
  `base_experience` int(11) NOT NULL,
  `order_` int(11) NOT NULL,
  `is_default` tinyint(1) NOT NULL
) ENGINE=InnoDB DEFAULT CHARSET=latin1;

--
-- Dump dei dati per la tabella `pokemon`
--

INSERT INTO `pokemon` (`id`, `identifier`, `species_id`, `height`, `weight`, `base_experience`, `order_`, `is_default`) VALUES
(1, 'bulbasaur', 1, 7, 69, 64, 1, 1),
(2, 'ivysaur', 2, 10, 130, 142, 2, 1),
(3, 'venusaur', 3, 20, 1000, 236, 3, 1),
(4, 'charmander', 4, 6, 85, 62, 5, 1),
(5, 'charmeleon', 5, 11, 190, 142, 6, 1),
(6, 'charizard', 6, 17, 905, 240, 7, 1),
(7, 'squirtle', 7, 5, 90, 63, 10, 1),
(8, 'wartortle', 8, 10, 225, 142, 11, 1),
(9, 'blastoise', 9, 16, 855, 239, 12, 1),
(10, 'caterpie', 10, 3, 29, 39, 14, 1),
(11, 'metapod', 11, 7, 99, 72, 15, 1),
(12, 'butterfree', 12, 11, 320, 173, 16, 1),
(13, 'weedle', 13, 3, 32, 39, 17, 1),
(14, 'kakuna', 14, 6, 100, 72, 18, 1),
(15, 'beedrill', 15, 10, 295, 173, 19, 1),
(16, 'pidgey', 16, 3, 18, 50, 20, 1),
(17, 'pidgeotto', 17, 11, 300, 122, 21, 1),
(18, 'pidgeot', 18, 15, 395, 211, 22, 1),
(19, 'rattata', 19, 3, 35, 51, 23, 1),
(20, 'raticate', 20, 7, 185, 145, 24, 1),
(21, 'spearow', 21, 3, 20, 52, 25, 1),
(22, 'fearow', 22, 12, 380, 155, 26, 1),
(23, 'ekans', 23, 20, 69, 58, 27, 1),
(24, 'arbok', 24, 35, 650, 153, 28, 1),
(25, 'pikachu', 25, 4, 60, 105, 30, 1),
(26, 'raichu', 26, 8, 300, 214, 31, 1),
(27, 'sandshrew', 27, 6, 120, 60, 32, 1),
(28, 'sandslash', 28, 10, 295, 158, 33, 1),
(29, 'nidoran-f', 29, 4, 70, 55, 34, 1),
(30, 'nidorina', 30, 8, 200, 128, 35, 1),
(31, 'nidoqueen', 31, 13, 600, 223, 36, 1),
(32, 'nidoran-m', 32, 5, 90, 55, 37, 1),
(33, 'nidorino', 33, 9, 195, 128, 38, 1),
(34, 'nidoking', 34, 14, 620, 223, 39, 1),
(35, 'clefairy', 35, 6, 75, 113, 41, 1),
(36, 'clefable', 36, 13, 400, 213, 42, 1),
(37, 'vulpix', 37, 6, 99, 60, 43, 1),
(38, 'ninetales', 38, 11, 199, 177, 44, 1),
(39, 'jigglypuff', 39, 5, 55, 95, 46, 1),
(40, 'wigglytuff', 40, 10, 120, 191, 47, 1),
(41, 'zubat', 41, 8, 75, 49, 48, 1),
(42, 'golbat', 42, 16, 550, 159, 49, 1),
(43, 'oddish', 43, 5, 54, 64, 51, 1),
(44, 'gloom', 44, 8, 86, 138, 52, 1),
(45, 'vileplume', 45, 12, 186, 216, 53, 1),
(46, 'paras', 46, 3, 54, 57, 55, 1),
(47, 'parasect', 47, 10, 295, 142, 56, 1),
(48, 'venonat', 48, 10, 300, 61, 57, 1),
(49, 'venomoth', 49, 15, 125, 158, 58, 1),
(50, 'diglett', 50, 2, 8, 53, 59, 1),
(51, 'dugtrio', 51, 7, 333, 142, 60, 1),
(52, 'meowth', 52, 4, 42, 58, 61, 1),
(53, 'persian', 53, 10, 320, 154, 62, 1),
(54, 'psyduck', 54, 8, 196, 64, 63, 1),
(55, 'golduck', 55, 17, 766, 175, 64, 1),
(56, 'mankey', 56, 5, 280, 61, 65, 1),
(57, 'primeape', 57, 10, 320, 159, 66, 1),
(58, 'growlithe', 58, 7, 190, 70, 67, 1),
(59, 'arcanine', 59, 19, 1550, 194, 68, 1),
(60, 'poliwag', 60, 6, 124, 60, 69, 1),
(61, 'poliwhirl', 61, 10, 200, 135, 70, 1),
(62, 'poliwrath', 62, 13, 540, 225, 71, 1),
(63, 'abra', 63, 9, 195, 62, 73, 1),
(64, 'kadabra', 64, 13, 565, 140, 74, 1),
(65, 'alakazam', 65, 15, 480, 221, 75, 1),
(66, 'machop', 66, 8, 195, 61, 77, 1),
(67, 'machoke', 67, 15, 705, 142, 78, 1),
(68, 'machamp', 68, 16, 1300, 227, 79, 1),
(69, 'bellsprout', 69, 7, 40, 60, 80, 1),
(70, 'weepinbell', 70, 10, 64, 137, 81, 1),
(71, 'victreebel', 71, 17, 155, 216, 82, 1),
(72, 'tentacool', 72, 9, 455, 67, 83, 1),
(73, 'tentacruel', 73, 16, 550, 180, 84, 1),
(74, 'geodude', 74, 4, 200, 60, 85, 1),
(75, 'graveler', 75, 10, 1050, 137, 86, 1),
(76, 'golem', 76, 14, 3000, 218, 87, 1),
(77, 'ponyta', 77, 10, 300, 82, 88, 1),
(78, 'rapidash', 78, 17, 950, 175, 89, 1),
(79, 'slowpoke', 79, 12, 360, 63, 90, 1),
(80, 'slowbro', 80, 16, 785, 172, 91, 1),
(81, 'magnemite', 81, 3, 60, 65, 93, 1),
(82, 'magneton', 82, 10, 600, 163, 94, 1),
(83, 'farfetchd', 83, 8, 150, 123, 96, 1),
(84, 'doduo', 84, 14, 392, 62, 97, 1),
(85, 'dodrio', 85, 18, 852, 161, 98, 1),
(86, 'seel', 86, 11, 900, 65, 99, 1),
(87, 'dewgong', 87, 17, 1200, 166, 100, 1),
(88, 'grimer', 88, 9, 300, 65, 101, 1),
(89, 'muk', 89, 12, 300, 175, 102, 1),
(90, 'shellder', 90, 3, 40, 61, 103, 1),
(91, 'cloyster', 91, 15, 1325, 184, 104, 1),
(92, 'gastly', 92, 13, 1, 62, 105, 1),
(93, 'haunter', 93, 16, 1, 142, 106, 1),
(94, 'gengar', 94, 15, 405, 225, 107, 1),
(95, 'onix', 95, 88, 2100, 77, 109, 1),
(96, 'drowzee', 96, 10, 324, 66, 111, 1),
(97, 'hypno', 97, 16, 756, 169, 112, 1),
(98, 'krabby', 98, 4, 65, 65, 113, 1),
(99, 'kingler', 99, 13, 600, 166, 114, 1),
(100, 'voltorb', 100, 5, 104, 66, 115, 1),
(101, 'electrode', 101, 12, 666, 168, 116, 1),
(102, 'exeggcute', 102, 4, 25, 65, 117, 1),
(103, 'exeggutor', 103, 20, 1200, 182, 118, 1),
(104, 'cubone', 104, 4, 65, 64, 119, 1),
(105, 'marowak', 105, 10, 450, 149, 120, 1),
(106, 'hitmonlee', 106, 15, 498, 159, 122, 1),
(107, 'hitmonchan', 107, 14, 502, 159, 123, 1),
(108, 'lickitung', 108, 12, 655, 77, 125, 1),
(109, 'koffing', 109, 6, 10, 68, 127, 1),
(110, 'weezing', 110, 12, 95, 172, 128, 1),
(111, 'rhyhorn', 111, 10, 1150, 69, 129, 1),
(112, 'rhydon', 112, 19, 1200, 170, 130, 1),
(113, 'chansey', 113, 11, 346, 395, 133, 1),
(114, 'tangela', 114, 10, 350, 87, 135, 1),
(115, 'kangaskhan', 115, 22, 800, 172, 137, 1),
(116, 'horsea', 116, 4, 80, 59, 139, 1),
(117, 'seadra', 117, 12, 250, 154, 140, 1),
(118, 'goldeen', 118, 6, 150, 64, 142, 1),
(119, 'seaking', 119, 13, 390, 158, 143, 1),
(120, 'staryu', 120, 8, 345, 68, 144, 1),
(121, 'starmie', 121, 11, 800, 182, 145, 1),
(122, 'mr-mime', 122, 13, 545, 161, 147, 1),
(123, 'scyther', 123, 15, 560, 100, 148, 1),
(124, 'jynx', 124, 14, 406, 159, 152, 1),
(125, 'electabuzz', 125, 11, 300, 172, 154, 1),
(126, 'magmar', 126, 13, 445, 173, 157, 1),
(127, 'pinsir', 127, 15, 550, 175, 159, 1),
(128, 'tauros', 128, 14, 884, 172, 161, 1),
(129, 'magikarp', 129, 9, 100, 40, 162, 1),
(130, 'gyarados', 130, 65, 2350, 189, 163, 1),
(131, 'lapras', 131, 25, 2200, 187, 165, 1),
(132, 'ditto', 132, 3, 40, 101, 166, 1),
(133, 'eevee', 133, 3, 65, 65, 167, 1),
(134, 'vaporeon', 134, 10, 290, 184, 168, 1),
(135, 'jolteon', 135, 8, 245, 184, 169, 1),
(136, 'flareon', 136, 9, 250, 184, 170, 1),
(137, 'porygon', 137, 8, 365, 79, 176, 1),
(138, 'omanyte', 138, 4, 75, 71, 179, 1),
(139, 'omastar', 139, 10, 350, 173, 180, 1),
(140, 'kabuto', 140, 5, 115, 71, 181, 1),
(141, 'kabutops', 141, 13, 405, 173, 182, 1),
(142, 'aerodactyl', 142, 18, 590, 180, 183, 1),
(143, 'snorlax', 143, 21, 4600, 189, 186, 1),
(144, 'articuno', 144, 17, 554, 261, 187, 1),
(145, 'zapdos', 145, 16, 526, 261, 188, 1),
(146, 'moltres', 146, 20, 600, 261, 189, 1),
(147, 'dratini', 147, 18, 33, 60, 190, 1),
(148, 'dragonair', 148, 40, 165, 147, 191, 1),
(149, 'dragonite', 149, 22, 2100, 270, 192, 1),
(150, 'mewtwo', 150, 20, 1220, 306, 193, 1),
(151, 'mew', 151, 4, 40, 270, 196, 1),
(152, 'chikorita', 152, 9, 64, 64, 197, 1),
(153, 'bayleef', 153, 12, 158, 142, 198, 1),
(154, 'meganium', 154, 18, 1005, 236, 199, 1),
(155, 'cyndaquil', 155, 5, 79, 62, 200, 1),
(156, 'quilava', 156, 9, 190, 142, 201, 1),
(157, 'typhlosion', 157, 17, 795, 240, 202, 1),
(158, 'totodile', 158, 6, 95, 63, 203, 1),
(159, 'croconaw', 159, 11, 250, 142, 204, 1),
(160, 'feraligatr', 160, 23, 888, 239, 205, 1),
(161, 'sentret', 161, 8, 60, 43, 206, 1),
(162, 'furret', 162, 18, 325, 145, 207, 1),
(163, 'hoothoot', 163, 7, 212, 52, 208, 1),
(164, 'noctowl', 164, 16, 408, 155, 209, 1),
(165, 'ledyba', 165, 10, 108, 53, 210, 1),
(166, 'ledian', 166, 14, 356, 137, 211, 1),
(167, 'spinarak', 167, 5, 85, 50, 212, 1),
(168, 'ariados', 168, 11, 335, 137, 213, 1),
(169, 'crobat', 169, 18, 750, 241, 50, 1),
(170, 'chinchou', 170, 5, 120, 66, 214, 1),
(171, 'lanturn', 171, 12, 225, 161, 215, 1),
(172, 'pichu', 172, 3, 20, 41, 29, 1),
(173, 'cleffa', 173, 3, 30, 44, 40, 1),
(174, 'igglybuff', 174, 3, 10, 42, 45, 1),
(175, 'togepi', 175, 3, 15, 49, 216, 1),
(176, 'togetic', 176, 6, 32, 142, 217, 1),
(177, 'natu', 177, 2, 20, 64, 219, 1),
(178, 'xatu', 178, 15, 150, 165, 220, 1),
(179, 'mareep', 179, 6, 78, 56, 221, 1),
(180, 'flaaffy', 180, 8, 133, 128, 222, 1),
(181, 'ampharos', 181, 14, 615, 225, 223, 1),
(182, 'bellossom', 182, 4, 58, 216, 54, 1),
(183, 'marill', 183, 4, 85, 88, 226, 1),
(184, 'azumarill', 184, 8, 285, 185, 227, 1),
(185, 'sudowoodo', 185, 12, 380, 144, 229, 1),
(186, 'politoed', 186, 11, 339, 225, 72, 1),
(187, 'hoppip', 187, 4, 5, 50, 230, 1),
(188, 'skiploom', 188, 6, 10, 119, 231, 1),
(189, 'jumpluff', 189, 8, 30, 203, 232, 1),
(190, 'aipom', 190, 8, 115, 72, 233, 1),
(191, 'sunkern', 191, 3, 18, 36, 235, 1),
(192, 'sunflora', 192, 8, 85, 149, 236, 1),
(193, 'yanma', 193, 12, 380, 78, 237, 1),
(194, 'wooper', 194, 4, 85, 42, 239, 1),
(195, 'quagsire', 195, 14, 750, 151, 240, 1),
(196, 'espeon', 196, 9, 265, 184, 171, 1),
(197, 'umbreon', 197, 10, 270, 184, 172, 1),
(198, 'murkrow', 198, 5, 21, 81, 241, 1),
(199, 'slowking', 199, 20, 795, 172, 92, 1),
(200, 'misdreavus', 200, 7, 10, 87, 243, 1),
(201, 'unown', 201, 5, 50, 118, 245, 1),
(202, 'wobbuffet', 202, 13, 285, 142, 247, 1),
(203, 'girafarig', 203, 15, 415, 159, 248, 1),
(204, 'pineco', 204, 6, 72, 58, 249, 1),
(205, 'forretress', 205, 12, 1258, 163, 250, 1),
(206, 'dunsparce', 206, 15, 140, 145, 251, 1),
(207, 'gligar', 207, 11, 648, 86, 252, 1),
(208, 'steelix', 208, 92, 4000, 179, 110, 1),
(209, 'snubbull', 209, 6, 78, 60, 254, 1),
(210, 'granbull', 210, 14, 487, 158, 255, 1),
(211, 'qwilfish', 211, 5, 39, 86, 256, 1),
(212, 'scizor', 212, 18, 1180, 175, 149, 1),
(213, 'shuckle', 213, 6, 205, 177, 257, 1),
(214, 'heracross', 214, 15, 540, 175, 258, 1),
(215, 'sneasel', 215, 9, 280, 86, 260, 1),
(216, 'teddiursa', 216, 6, 88, 66, 262, 1),
(217, 'ursaring', 217, 18, 1258, 175, 263, 1),
(218, 'slugma', 218, 7, 350, 50, 264, 1),
(219, 'magcargo', 219, 8, 550, 144, 265, 1),
(220, 'swinub', 220, 4, 65, 50, 266, 1),
(221, 'piloswine', 221, 11, 558, 158, 267, 1),
(222, 'corsola', 222, 6, 50, 133, 269, 1),
(223, 'remoraid', 223, 6, 120, 60, 270, 1),
(224, 'octillery', 224, 9, 285, 168, 271, 1),
(225, 'delibird', 225, 9, 160, 116, 272, 1),
(226, 'mantine', 226, 21, 2200, 163, 274, 1),
(227, 'skarmory', 227, 17, 505, 163, 275, 1),
(228, 'houndour', 228, 6, 108, 66, 276, 1),
(229, 'houndoom', 229, 14, 350, 175, 277, 1),
(230, 'kingdra', 230, 18, 1520, 243, 141, 1),
(231, 'phanpy', 231, 5, 335, 66, 279, 1),
(232, 'donphan', 232, 11, 1200, 175, 280, 1),
(233, 'porygon2', 233, 6, 325, 180, 177, 1),
(234, 'stantler', 234, 14, 712, 163, 281, 1),
(235, 'smeargle', 235, 12, 580, 88, 282, 1),
(236, 'tyrogue', 236, 7, 210, 42, 121, 1),
(237, 'hitmontop', 237, 14, 480, 159, 124, 1),
(238, 'smoochum', 238, 4, 60, 61, 151, 1),
(239, 'elekid', 239, 6, 235, 72, 153, 1),
(240, 'magby', 240, 7, 214, 73, 156, 1),
(241, 'miltank', 241, 12, 755, 172, 283, 1),
(242, 'blissey', 242, 15, 468, 608, 134, 1),
(243, 'raikou', 243, 19, 1780, 261, 284, 1),
(244, 'entei', 244, 21, 1980, 261, 285, 1),
(245, 'suicune', 245, 20, 1870, 261, 286, 1),
(246, 'larvitar', 246, 6, 720, 60, 287, 1),
(247, 'pupitar', 247, 12, 1520, 144, 288, 1),
(248, 'tyranitar', 248, 20, 2020, 270, 289, 1),
(249, 'lugia', 249, 52, 2160, 306, 291, 1),
(250, 'ho-oh', 250, 38, 1990, 306, 292, 1),
(251, 'celebi', 251, 6, 50, 270, 293, 1),
(252, 'treecko', 252, 5, 50, 62, 294, 1),
(253, 'grovyle', 253, 9, 216, 142, 295, 1),
(254, 'sceptile', 254, 17, 522, 239, 296, 1),
(255, 'torchic', 255, 4, 25, 62, 297, 1),
(256, 'combusken', 256, 9, 195, 142, 298, 1),
(257, 'blaziken', 257, 19, 520, 239, 299, 1),
(258, 'mudkip', 258, 4, 76, 62, 301, 1),
(259, 'marshtomp', 259, 7, 280, 142, 302, 1),
(260, 'swampert', 260, 15, 819, 241, 303, 1),
(261, 'poochyena', 261, 5, 136, 44, 304, 1),
(262, 'mightyena', 262, 10, 370, 147, 305, 1),
(263, 'zigzagoon', 263, 4, 175, 48, 306, 1),
(264, 'linoone', 264, 5, 325, 147, 307, 1),
(265, 'wurmple', 265, 3, 36, 39, 308, 1),
(266, 'silcoon', 266, 6, 100, 72, 309, 1),
(267, 'beautifly', 267, 10, 284, 173, 310, 1),
(268, 'cascoon', 268, 7, 115, 41, 311, 1),
(269, 'dustox', 269, 12, 316, 135, 312, 1),
(270, 'lotad', 270, 5, 26, 44, 313, 1),
(271, 'lombre', 271, 12, 325, 119, 314, 1),
(272, 'ludicolo', 272, 15, 550, 216, 315, 1),
(273, 'seedot', 273, 5, 40, 44, 316, 1),
(274, 'nuzleaf', 274, 10, 280, 119, 317, 1),
(275, 'shiftry', 275, 13, 596, 216, 318, 1),
(276, 'taillow', 276, 3, 23, 54, 319, 1),
(277, 'swellow', 277, 7, 198, 151, 320, 1),
(278, 'wingull', 278, 6, 95, 54, 321, 1),
(279, 'pelipper', 279, 12, 280, 151, 322, 1),
(280, 'ralts', 280, 4, 66, 40, 323, 1),
(281, 'kirlia', 281, 8, 202, 97, 324, 1),
(282, 'gardevoir', 282, 16, 484, 233, 325, 1),
(283, 'surskit', 283, 5, 17, 54, 328, 1),
(284, 'masquerain', 284, 8, 36, 145, 329, 1),
(285, 'shroomish', 285, 4, 45, 59, 330, 1),
(286, 'breloom', 286, 12, 392, 161, 331, 1),
(287, 'slakoth', 287, 8, 240, 56, 332, 1),
(288, 'vigoroth', 288, 14, 465, 154, 333, 1),
(289, 'slaking', 289, 20, 1305, 252, 334, 1),
(290, 'nincada', 290, 5, 55, 53, 335, 1),
(291, 'ninjask', 291, 8, 120, 160, 336, 1),
(292, 'shedinja', 292, 8, 12, 83, 337, 1),
(293, 'whismur', 293, 6, 163, 48, 338, 1),
(294, 'loudred', 294, 10, 405, 126, 339, 1),
(295, 'exploud', 295, 15, 840, 216, 340, 1),
(296, 'makuhita', 296, 10, 864, 47, 341, 1),
(297, 'hariyama', 297, 23, 2538, 166, 342, 1),
(298, 'azurill', 298, 2, 20, 38, 225, 1),
(299, 'nosepass', 299, 10, 970, 75, 343, 1),
(300, 'skitty', 300, 6, 110, 52, 345, 1),
(301, 'delcatty', 301, 11, 326, 133, 346, 1),
(302, 'sableye', 302, 5, 110, 133, 347, 1),
(303, 'mawile', 303, 6, 115, 133, 348, 1),
(304, 'aron', 304, 4, 600, 66, 350, 1),
(305, 'lairon', 305, 9, 1200, 151, 351, 1),
(306, 'aggron', 306, 21, 3600, 239, 352, 1),
(307, 'meditite', 307, 6, 112, 56, 354, 1),
(308, 'medicham', 308, 13, 315, 144, 355, 1),
(309, 'electrike', 309, 6, 152, 59, 357, 1),
(310, 'manectric', 310, 15, 402, 166, 358, 1),
(311, 'plusle', 311, 4, 42, 142, 360, 1),
(312, 'minun', 312, 4, 42, 142, 361, 1),
(313, 'volbeat', 313, 7, 177, 140, 362, 1),
(314, 'illumise', 314, 6, 177, 140, 363, 1),
(315, 'roselia', 315, 3, 20, 140, 365, 1),
(316, 'gulpin', 316, 4, 103, 60, 367, 1),
(317, 'swalot', 317, 17, 800, 163, 368, 1),
(318, 'carvanha', 318, 8, 208, 61, 369, 1),
(319, 'sharpedo', 319, 18, 888, 161, 370, 1),
(320, 'wailmer', 320, 20, 1300, 80, 371, 1),
(321, 'wailord', 321, 145, 3980, 175, 372, 1),
(322, 'numel', 322, 7, 240, 61, 373, 1),
(323, 'camerupt', 323, 19, 2200, 161, 374, 1),
(324, 'torkoal', 324, 5, 804, 165, 375, 1),
(325, 'spoink', 325, 7, 306, 66, 376, 1),
(326, 'grumpig', 326, 9, 715, 165, 377, 1),
(327, 'spinda', 327, 11, 50, 126, 378, 1),
(328, 'trapinch', 328, 7, 150, 58, 379, 1),
(329, 'vibrava', 329, 11, 153, 119, 380, 1),
(330, 'flygon', 330, 20, 820, 234, 381, 1),
(331, 'cacnea', 331, 4, 513, 67, 382, 1),
(332, 'cacturne', 332, 13, 774, 166, 383, 1),
(333, 'swablu', 333, 4, 12, 62, 384, 1),
(334, 'altaria', 334, 11, 206, 172, 385, 1),
(335, 'zangoose', 335, 13, 403, 160, 386, 1),
(336, 'seviper', 336, 27, 525, 160, 387, 1),
(337, 'lunatone', 337, 10, 1680, 154, 388, 1),
(338, 'solrock', 338, 12, 1540, 154, 389, 1),
(339, 'barboach', 339, 4, 19, 58, 390, 1),
(340, 'whiscash', 340, 9, 236, 164, 391, 1),
(341, 'corphish', 341, 6, 115, 62, 392, 1),
(342, 'crawdaunt', 342, 11, 328, 164, 393, 1),
(343, 'baltoy', 343, 5, 215, 60, 394, 1),
(344, 'claydol', 344, 15, 1080, 175, 395, 1),
(345, 'lileep', 345, 10, 238, 71, 396, 1),
(346, 'cradily', 346, 15, 604, 173, 397, 1),
(347, 'anorith', 347, 7, 125, 71, 398, 1),
(348, 'armaldo', 348, 15, 682, 173, 399, 1),
(349, 'feebas', 349, 6, 74, 40, 400, 1),
(350, 'milotic', 350, 62, 1620, 189, 401, 1),
(351, 'castform', 351, 3, 8, 147, 402, 1),
(352, 'kecleon', 352, 10, 220, 154, 406, 1),
(353, 'shuppet', 353, 6, 23, 59, 407, 1),
(354, 'banette', 354, 11, 125, 159, 408, 1),
(355, 'duskull', 355, 8, 150, 59, 410, 1),
(356, 'dusclops', 356, 16, 306, 159, 411, 1),
(357, 'tropius', 357, 20, 1000, 161, 413, 1),
(358, 'chimecho', 358, 6, 10, 149, 415, 1),
(359, 'absol', 359, 12, 470, 163, 416, 1),
(360, 'wynaut', 360, 6, 140, 52, 246, 1),
(361, 'snorunt', 361, 7, 168, 60, 418, 1),
(362, 'glalie', 362, 15, 2565, 168, 419, 1),
(363, 'spheal', 363, 8, 395, 58, 421, 1),
(364, 'sealeo', 364, 11, 876, 144, 422, 1),
(365, 'walrein', 365, 14, 1506, 239, 423, 1),
(366, 'clamperl', 366, 4, 525, 69, 424, 1),
(367, 'huntail', 367, 17, 270, 170, 425, 1),
(368, 'gorebyss', 368, 18, 226, 170, 426, 1),
(369, 'relicanth', 369, 10, 234, 170, 427, 1),
(370, 'luvdisc', 370, 6, 87, 116, 428, 1),
(371, 'bagon', 371, 6, 421, 60, 429, 1),
(372, 'shelgon', 372, 11, 1105, 147, 430, 1),
(373, 'salamence', 373, 15, 1026, 270, 431, 1),
(374, 'beldum', 374, 6, 952, 60, 432, 1),
(375, 'metang', 375, 12, 2025, 147, 433, 1),
(376, 'metagross', 376, 16, 5500, 270, 434, 1),
(377, 'regirock', 377, 17, 2300, 261, 435, 1),
(378, 'regice', 378, 18, 1750, 261, 436, 1),
(379, 'registeel', 379, 19, 2050, 261, 437, 1),
(380, 'latias', 380, 14, 400, 270, 438, 1),
(381, 'latios', 381, 20, 600, 270, 439, 1),
(382, 'kyogre', 382, 45, 3520, 302, 440, 1),
(383, 'groudon', 383, 35, 9500, 302, 441, 1),
(384, 'rayquaza', 384, 70, 2065, 306, 442, 1),
(385, 'jirachi', 385, 3, 11, 270, 443, 1),
(386, 'deoxys-normal', 386, 17, 608, 270, 444, 1),
(387, 'turtwig', 387, 4, 102, 64, 448, 1),
(388, 'grotle', 388, 11, 970, 142, 449, 1),
(389, 'torterra', 389, 22, 3100, 236, 450, 1),
(390, 'chimchar', 390, 5, 62, 62, 451, 1),
(391, 'monferno', 391, 9, 220, 142, 452, 1),
(392, 'infernape', 392, 12, 550, 240, 453, 1),
(393, 'piplup', 393, 4, 52, 63, 454, 1),
(394, 'prinplup', 394, 8, 230, 142, 455, 1),
(395, 'empoleon', 395, 17, 845, 239, 456, 1),
(396, 'starly', 396, 3, 20, 49, 457, 1),
(397, 'staravia', 397, 6, 155, 119, 458, 1),
(398, 'staraptor', 398, 12, 249, 214, 459, 1),
(399, 'bidoof', 399, 5, 200, 50, 460, 1),
(400, 'bibarel', 400, 10, 315, 144, 461, 1),
(401, 'kricketot', 401, 3, 22, 39, 462, 1),
(402, 'kricketune', 402, 10, 255, 134, 463, 1),
(403, 'shinx', 403, 5, 95, 53, 464, 1),
(404, 'luxio', 404, 9, 305, 127, 465, 1),
(405, 'luxray', 405, 14, 420, 235, 466, 1),
(406, 'budew', 406, 2, 12, 56, 364, 1),
(407, 'roserade', 407, 9, 145, 227, 366, 1),
(408, 'cranidos', 408, 9, 315, 70, 467, 1),
(409, 'rampardos', 409, 16, 1025, 173, 468, 1),
(410, 'shieldon', 410, 5, 570, 70, 469, 1),
(411, 'bastiodon', 411, 13, 1495, 173, 470, 1),
(412, 'burmy', 412, 2, 34, 45, 471, 1),
(413, 'wormadam-plant', 413, 5, 65, 148, 472, 1),
(414, 'mothim', 414, 9, 233, 148, 475, 1),
(415, 'combee', 415, 3, 55, 49, 476, 1),
(416, 'vespiquen', 416, 12, 385, 166, 477, 1),
(417, 'pachirisu', 417, 4, 39, 142, 478, 1),
(418, 'buizel', 418, 7, 295, 66, 479, 1),
(419, 'floatzel', 419, 11, 335, 173, 480, 1),
(420, 'cherubi', 420, 4, 33, 55, 481, 1),
(421, 'cherrim', 421, 5, 93, 158, 482, 1),
(422, 'shellos', 422, 3, 63, 65, 483, 1),
(423, 'gastrodon', 423, 9, 299, 166, 484, 1),
(424, 'ambipom', 424, 12, 203, 169, 234, 1),
(425, 'drifloon', 425, 4, 12, 70, 485, 1),
(426, 'drifblim', 426, 12, 150, 174, 486, 1),
(427, 'buneary', 427, 4, 55, 70, 487, 1),
(428, 'lopunny', 428, 12, 333, 168, 488, 1),
(429, 'mismagius', 429, 9, 44, 173, 244, 1),
(430, 'honchkrow', 430, 9, 273, 177, 242, 1),
(431, 'glameow', 431, 5, 39, 62, 489, 1),
(432, 'purugly', 432, 10, 438, 158, 490, 1),
(433, 'chingling', 433, 2, 6, 57, 414, 1),
(434, 'stunky', 434, 4, 192, 66, 491, 1),
(435, 'skuntank', 435, 10, 380, 168, 492, 1),
(436, 'bronzor', 436, 5, 605, 60, 493, 1),
(437, 'bronzong', 437, 13, 1870, 175, 494, 1),
(438, 'bonsly', 438, 5, 150, 58, 228, 1),
(439, 'mime-jr', 439, 6, 130, 62, 146, 1),
(440, 'happiny', 440, 6, 244, 110, 132, 1),
(441, 'chatot', 441, 5, 19, 144, 495, 1),
(442, 'spiritomb', 442, 10, 1080, 170, 496, 1),
(443, 'gible', 443, 7, 205, 60, 497, 1),
(444, 'gabite', 444, 14, 560, 144, 498, 1),
(445, 'garchomp', 445, 19, 950, 270, 499, 1),
(446, 'munchlax', 446, 6, 1050, 78, 185, 1),
(447, 'riolu', 447, 7, 202, 57, 501, 1),
(448, 'lucario', 448, 12, 540, 184, 502, 1),
(449, 'hippopotas', 449, 8, 495, 66, 504, 1),
(450, 'hippowdon', 450, 20, 3000, 184, 505, 1),
(451, 'skorupi', 451, 8, 120, 66, 506, 1),
(452, 'drapion', 452, 13, 615, 175, 507, 1),
(453, 'croagunk', 453, 7, 230, 60, 508, 1),
(454, 'toxicroak', 454, 13, 444, 172, 509, 1),
(455, 'carnivine', 455, 14, 270, 159, 510, 1),
(456, 'finneon', 456, 4, 70, 66, 511, 1),
(457, 'lumineon', 457, 12, 240, 161, 512, 1),
(458, 'mantyke', 458, 10, 650, 69, 273, 1),
(459, 'snover', 459, 10, 505, 67, 513, 1),
(460, 'abomasnow', 460, 22, 1355, 173, 514, 1),
(461, 'weavile', 461, 11, 340, 179, 261, 1),
(462, 'magnezone', 462, 12, 1800, 241, 95, 1),
(463, 'lickilicky', 463, 17, 1400, 180, 126, 1),
(464, 'rhyperior', 464, 24, 2828, 241, 131, 1),
(465, 'tangrowth', 465, 20, 1286, 187, 136, 1),
(466, 'electivire', 466, 18, 1386, 243, 155, 1),
(467, 'magmortar', 467, 16, 680, 243, 158, 1),
(468, 'togekiss', 468, 15, 380, 245, 218, 1),
(469, 'yanmega', 469, 19, 515, 180, 238, 1),
(470, 'leafeon', 470, 10, 255, 184, 173, 1),
(471, 'glaceon', 471, 8, 259, 184, 174, 1),
(472, 'gliscor', 472, 20, 425, 179, 253, 1),
(473, 'mamoswine', 473, 25, 2910, 239, 268, 1),
(474, 'porygon-z', 474, 9, 340, 241, 178, 1),
(475, 'gallade', 475, 16, 520, 233, 327, 1),
(476, 'probopass', 476, 14, 3400, 184, 344, 1),
(477, 'dusknoir', 477, 22, 1066, 236, 412, 1),
(478, 'froslass', 478, 13, 266, 168, 420, 1),
(479, 'rotom', 479, 3, 3, 154, 516, 1),
(480, 'uxie', 480, 3, 3, 261, 522, 1),
(481, 'mesprit', 481, 3, 3, 261, 523, 1),
(482, 'azelf', 482, 3, 3, 261, 524, 1),
(483, 'dialga', 483, 54, 6830, 306, 525, 1),
(484, 'palkia', 484, 42, 3360, 306, 526, 1),
(485, 'heatran', 485, 17, 4300, 270, 527, 1),
(486, 'regigigas', 486, 37, 4200, 302, 528, 1),
(487, 'giratina-altered', 487, 45, 7500, 306, 529, 1),
(488, 'cresselia', 488, 15, 856, 270, 531, 1),
(489, 'phione', 489, 4, 31, 216, 532, 1),
(490, 'manaphy', 490, 3, 14, 270, 533, 1),
(491, 'darkrai', 491, 15, 505, 270, 534, 1),
(492, 'shaymin-land', 492, 2, 21, 270, 535, 1),
(493, 'arceus', 493, 32, 3200, 324, 537, 1),
(494, 'victini', 494, 4, 40, 270, 538, 1),
(495, 'snivy', 495, 6, 81, 62, 539, 1),
(496, 'servine', 496, 8, 160, 145, 540, 1),
(497, 'serperior', 497, 33, 630, 238, 541, 1),
(498, 'tepig', 498, 5, 99, 62, 542, 1),
(499, 'pignite', 499, 10, 555, 146, 543, 1),
(500, 'emboar', 500, 16, 1500, 238, 544, 1),
(501, 'oshawott', 501, 5, 59, 62, 545, 1),
(502, 'dewott', 502, 8, 245, 145, 546, 1),
(503, 'samurott', 503, 15, 946, 238, 547, 1),
(504, 'patrat', 504, 5, 116, 51, 548, 1),
(505, 'watchog', 505, 11, 270, 147, 549, 1),
(506, 'lillipup', 506, 4, 41, 55, 550, 1),
(507, 'herdier', 507, 9, 147, 130, 551, 1),
(508, 'stoutland', 508, 12, 610, 221, 552, 1),
(509, 'purrloin', 509, 4, 101, 56, 553, 1),
(510, 'liepard', 510, 11, 375, 156, 554, 1),
(511, 'pansage', 511, 6, 105, 63, 555, 1),
(512, 'simisage', 512, 11, 305, 174, 556, 1),
(513, 'pansear', 513, 6, 110, 63, 557, 1),
(514, 'simisear', 514, 10, 280, 174, 558, 1),
(515, 'panpour', 515, 6, 135, 63, 559, 1),
(516, 'simipour', 516, 10, 290, 174, 560, 1),
(517, 'munna', 517, 6, 233, 58, 561, 1),
(518, 'musharna', 518, 11, 605, 170, 562, 1),
(519, 'pidove', 519, 3, 21, 53, 563, 1),
(520, 'tranquill', 520, 6, 150, 125, 564, 1),
(521, 'unfezant', 521, 12, 290, 215, 565, 1),
(522, 'blitzle', 522, 8, 298, 59, 566, 1),
(523, 'zebstrika', 523, 16, 795, 174, 567, 1),
(524, 'roggenrola', 524, 4, 180, 56, 568, 1),
(525, 'boldore', 525, 9, 1020, 137, 569, 1),
(526, 'gigalith', 526, 17, 2600, 227, 570, 1),
(527, 'woobat', 527, 4, 21, 63, 571, 1),
(528, 'swoobat', 528, 9, 105, 149, 572, 1),
(529, 'drilbur', 529, 3, 85, 66, 573, 1),
(530, 'excadrill', 530, 7, 404, 178, 574, 1),
(531, 'audino', 531, 11, 310, 390, 575, 1),
(532, 'timburr', 532, 6, 125, 61, 576, 1),
(533, 'gurdurr', 533, 12, 400, 142, 577, 1),
(534, 'conkeldurr', 534, 14, 870, 227, 578, 1),
(535, 'tympole', 535, 5, 45, 59, 579, 1),
(536, 'palpitoad', 536, 8, 170, 134, 580, 1),
(537, 'seismitoad', 537, 15, 620, 225, 581, 1),
(538, 'throh', 538, 13, 555, 163, 582, 1),
(539, 'sawk', 539, 14, 510, 163, 583, 1),
(540, 'sewaddle', 540, 3, 25, 62, 584, 1),
(541, 'swadloon', 541, 5, 73, 133, 585, 1),
(542, 'leavanny', 542, 12, 205, 221, 586, 1),
(543, 'venipede', 543, 4, 53, 52, 587, 1),
(544, 'whirlipede', 544, 12, 585, 126, 588, 1),
(545, 'scolipede', 545, 25, 2005, 214, 589, 1),
(546, 'cottonee', 546, 3, 6, 56, 590, 1),
(547, 'whimsicott', 547, 7, 66, 168, 591, 1),
(548, 'petilil', 548, 5, 66, 56, 592, 1),
(549, 'lilligant', 549, 11, 163, 168, 593, 1),
(550, 'basculin-red-striped', 550, 10, 180, 161, 594, 1),
(551, 'sandile', 551, 7, 152, 58, 596, 1),
(552, 'krokorok', 552, 10, 334, 123, 597, 1),
(553, 'krookodile', 553, 15, 963, 229, 598, 1),
(554, 'darumaka', 554, 6, 375, 63, 599, 1),
(555, 'darmanitan-standard', 555, 13, 929, 168, 600, 1),
(556, 'maractus', 556, 10, 280, 161, 602, 1),
(557, 'dwebble', 557, 3, 145, 65, 603, 1),
(558, 'crustle', 558, 14, 2000, 166, 604, 1),
(559, 'scraggy', 559, 6, 118, 70, 605, 1),
(560, 'scrafty', 560, 11, 300, 171, 606, 1),
(561, 'sigilyph', 561, 14, 140, 172, 607, 1),
(562, 'yamask', 562, 5, 15, 61, 608, 1),
(563, 'cofagrigus', 563, 17, 765, 169, 609, 1),
(564, 'tirtouga', 564, 7, 165, 71, 610, 1),
(565, 'carracosta', 565, 12, 810, 173, 611, 1),
(566, 'archen', 566, 5, 95, 71, 612, 1),
(567, 'archeops', 567, 14, 320, 177, 613, 1),
(568, 'trubbish', 568, 6, 310, 66, 614, 1),
(569, 'garbodor', 569, 19, 1073, 166, 615, 1),
(570, 'zorua', 570, 7, 125, 66, 616, 1),
(571, 'zoroark', 571, 16, 811, 179, 617, 1),
(572, 'minccino', 572, 4, 58, 60, 618, 1),
(573, 'cinccino', 573, 5, 75, 165, 619, 1),
(574, 'gothita', 574, 4, 58, 58, 620, 1),
(575, 'gothorita', 575, 7, 180, 137, 621, 1),
(576, 'gothitelle', 576, 15, 440, 221, 622, 1),
(577, 'solosis', 577, 3, 10, 58, 623, 1),
(578, 'duosion', 578, 6, 80, 130, 624, 1),
(579, 'reuniclus', 579, 10, 201, 221, 625, 1),
(580, 'ducklett', 580, 5, 55, 61, 626, 1),
(581, 'swanna', 581, 13, 242, 166, 627, 1),
(582, 'vanillite', 582, 4, 57, 61, 628, 1),
(583, 'vanillish', 583, 11, 410, 138, 629, 1),
(584, 'vanilluxe', 584, 13, 575, 241, 630, 1),
(585, 'deerling', 585, 6, 195, 67, 631, 1),
(586, 'sawsbuck', 586, 19, 925, 166, 632, 1),
(587, 'emolga', 587, 4, 50, 150, 633, 1),
(588, 'karrablast', 588, 5, 59, 63, 634, 1),
(589, 'escavalier', 589, 10, 330, 173, 635, 1),
(590, 'foongus', 590, 2, 10, 59, 636, 1),
(591, 'amoonguss', 591, 6, 105, 162, 637, 1),
(592, 'frillish', 592, 12, 330, 67, 638, 1),
(593, 'jellicent', 593, 22, 1350, 168, 639, 1),
(594, 'alomomola', 594, 12, 316, 165, 640, 1),
(595, 'joltik', 595, 1, 6, 64, 641, 1),
(596, 'galvantula', 596, 8, 143, 165, 642, 1),
(597, 'ferroseed', 597, 6, 188, 61, 643, 1),
(598, 'ferrothorn', 598, 10, 1100, 171, 644, 1),
(599, 'klink', 599, 3, 210, 60, 645, 1),
(600, 'klang', 600, 6, 510, 154, 646, 1),
(601, 'klinklang', 601, 6, 810, 234, 647, 1),
(602, 'tynamo', 602, 2, 3, 55, 648, 1),
(603, 'eelektrik', 603, 12, 220, 142, 649, 1),
(604, 'eelektross', 604, 21, 805, 232, 650, 1),
(605, 'elgyem', 605, 5, 90, 67, 651, 1),
(606, 'beheeyem', 606, 10, 345, 170, 652, 1),
(607, 'litwick', 607, 3, 31, 55, 653, 1),
(608, 'lampent', 608, 6, 130, 130, 654, 1),
(609, 'chandelure', 609, 10, 343, 234, 655, 1),
(610, 'axew', 610, 6, 180, 64, 656, 1),
(611, 'fraxure', 611, 10, 360, 144, 657, 1),
(612, 'haxorus', 612, 18, 1055, 243, 658, 1),
(613, 'cubchoo', 613, 5, 85, 61, 659, 1),
(614, 'beartic', 614, 26, 2600, 170, 660, 1),
(615, 'cryogonal', 615, 11, 1480, 170, 661, 1),
(616, 'shelmet', 616, 4, 77, 61, 662, 1),
(617, 'accelgor', 617, 8, 253, 173, 663, 1),
(618, 'stunfisk', 618, 7, 110, 165, 664, 1),
(619, 'mienfoo', 619, 9, 200, 70, 665, 1),
(620, 'mienshao', 620, 14, 355, 179, 666, 1),
(621, 'druddigon', 621, 16, 1390, 170, 667, 1),
(622, 'golett', 622, 10, 920, 61, 668, 1),
(623, 'golurk', 623, 28, 3300, 169, 669, 1),
(624, 'pawniard', 624, 5, 102, 68, 670, 1),
(625, 'bisharp', 625, 16, 700, 172, 671, 1),
(626, 'bouffalant', 626, 16, 946, 172, 672, 1),
(627, 'rufflet', 627, 5, 105, 70, 673, 1),
(628, 'braviary', 628, 15, 410, 179, 674, 1),
(629, 'vullaby', 629, 5, 90, 74, 675, 1),
(630, 'mandibuzz', 630, 12, 395, 179, 676, 1),
(631, 'heatmor', 631, 14, 580, 169, 677, 1),
(632, 'durant', 632, 3, 330, 169, 678, 1),
(633, 'deino', 633, 8, 173, 60, 679, 1),
(634, 'zweilous', 634, 14, 500, 147, 680, 1),
(635, 'hydreigon', 635, 18, 1600, 270, 681, 1),
(636, 'larvesta', 636, 11, 288, 72, 682, 1),
(637, 'volcarona', 637, 16, 460, 248, 683, 1),
(638, 'cobalion', 638, 21, 2500, 261, 684, 1),
(639, 'terrakion', 639, 19, 2600, 261, 685, 1),
(640, 'virizion', 640, 20, 2000, 261, 686, 1),
(641, 'tornadus-incarnate', 641, 15, 630, 261, 687, 1),
(642, 'thundurus-incarnate', 642, 15, 610, 261, 689, 1),
(643, 'reshiram', 643, 32, 3300, 306, 691, 1),
(644, 'zekrom', 644, 29, 3450, 306, 692, 1),
(645, 'landorus-incarnate', 645, 15, 680, 270, 693, 1),
(646, 'kyurem', 646, 30, 3250, 297, 695, 1),
(647, 'keldeo-ordinary', 647, 14, 485, 261, 698, 1),
(648, 'meloetta-aria', 648, 6, 65, 270, 700, 1),
(649, 'genesect', 649, 15, 825, 270, 702, 1),
(650, 'chespin', 650, 4, 90, 0, 703, 1),
(651, 'quilladin', 651, 7, 290, 0, 704, 1),
(652, 'chesnaught', 652, 16, 900, 0, 705, 1),
(653, 'fennekin', 653, 4, 94, 0, 706, 1),
(654, 'braixen', 654, 10, 145, 0, 707, 1),
(655, 'delphox', 655, 15, 390, 0, 708, 1),
(656, 'froakie', 656, 3, 70, 0, 709, 1),
(657, 'frogadier', 657, 6, 109, 0, 710, 1),
(658, 'greninja', 658, 15, 400, 0, 711, 1),
(659, 'bunnelby', 659, 4, 50, 0, 712, 1),
(660, 'diggersby', 660, 10, 424, 0, 713, 1),
(661, 'fletchling', 661, 3, 17, 0, 714, 1),
(662, 'fletchinder', 662, 7, 160, 0, 715, 1),
(663, 'talonflame', 663, 12, 245, 0, 716, 1),
(664, 'scatterbug', 664, 3, 25, 0, 717, 1),
(665, 'spewpa', 665, 3, 84, 0, 718, 1),
(666, 'vivillon', 666, 12, 170, 0, 719, 1),
(667, 'litleo', 667, 6, 135, 0, 720, 1),
(668, 'pyroar', 668, 15, 815, 0, 721, 1),
(669, 'flabebe', 669, 1, 1, 0, 722, 1),
(670, 'floette', 670, 2, 9, 0, 723, 1),
(671, 'florges', 671, 11, 100, 0, 724, 1),
(672, 'skiddo', 672, 9, 310, 0, 725, 1),
(673, 'gogoat', 673, 17, 910, 0, 726, 1),
(674, 'pancham', 674, 6, 80, 0, 727, 1),
(675, 'pangoro', 675, 21, 1360, 0, 728, 1),
(676, 'furfrou', 676, 12, 280, 0, 729, 1),
(677, 'espurr', 677, 3, 35, 0, 730, 1),
(678, 'meowstic-male', 678, 6, 85, 0, 731, 1),
(679, 'honedge', 679, 8, 20, 0, 733, 1),
(680, 'doublade', 680, 8, 45, 0, 734, 1),
(681, 'aegislash-shield', 681, 17, 530, 0, 735, 1),
(682, 'spritzee', 682, 2, 5, 0, 737, 1),
(683, 'aromatisse', 683, 8, 155, 0, 738, 1),
(684, 'swirlix', 684, 4, 35, 0, 739, 1),
(685, 'slurpuff', 685, 8, 50, 0, 740, 1),
(686, 'inkay', 686, 4, 35, 0, 741, 1),
(687, 'malamar', 687, 15, 470, 0, 742, 1),
(688, 'binacle', 688, 5, 310, 0, 743, 1),
(689, 'barbaracle', 689, 13, 960, 0, 744, 1),
(690, 'skrelp', 690, 5, 73, 0, 745, 1),
(691, 'dragalge', 691, 18, 815, 0, 746, 1),
(692, 'clauncher', 692, 5, 83, 0, 747, 1),
(693, 'clawitzer', 693, 13, 353, 0, 748, 1),
(694, 'helioptile', 694, 5, 60, 0, 749, 1),
(695, 'heliolisk', 695, 10, 210, 0, 750, 1),
(696, 'tyrunt', 696, 8, 260, 0, 751, 1),
(697, 'tyrantrum', 697, 25, 2700, 0, 752, 1),
(698, 'amaura', 698, 13, 252, 0, 753, 1),
(699, 'aurorus', 699, 27, 2250, 0, 754, 1),
(700, 'sylveon', 700, 10, 235, 0, 175, 1),
(701, 'hawlucha', 701, 8, 215, 0, 755, 1),
(702, 'dedenne', 702, 2, 22, 0, 756, 1),
(703, 'carbink', 703, 3, 57, 0, 757, 1),
(704, 'goomy', 704, 3, 28, 0, 758, 1),
(705, 'sliggoo', 705, 8, 175, 0, 759, 1),
(706, 'goodra', 706, 20, 1505, 0, 760, 1),
(707, 'klefki', 707, 2, 30, 0, 761, 1),
(708, 'phantump', 708, 4, 70, 0, 762, 1),
(709, 'trevenant', 709, 15, 710, 0, 763, 1),
(710, 'pumpkaboo-average', 710, 4, 50, 0, 765, 1),
(711, 'gourgeist-average', 711, 9, 125, 0, 769, 1),
(712, 'bergmite', 712, 10, 995, 0, 772, 1),
(713, 'avalugg', 713, 20, 5050, 0, 773, 1),
(714, 'noibat', 714, 5, 80, 0, 774, 1),
(715, 'noivern', 715, 15, 850, 0, 775, 1),
(716, 'xerneas', 716, 30, 2150, 0, 776, 1),
(717, 'yveltal', 717, 58, 2030, 0, 777, 1),
(718, 'zygarde', 718, 50, 3050, 0, 778, 1),
(10001, 'deoxys-attack', 386, 17, 608, 270, 445, 0),
(10002, 'deoxys-defense', 386, 17, 608, 270, 446, 0),
(10003, 'deoxys-speed', 386, 17, 608, 270, 447, 0),
(10004, 'wormadam-sandy', 413, 5, 65, 148, 473, 0),
(10005, 'wormadam-trash', 413, 5, 65, 148, 474, 0),
(10006, 'shaymin-sky', 492, 4, 52, 270, 536, 0),
(10007, 'giratina-origin', 487, 69, 6500, 306, 530, 0),
(10008, 'rotom-heat', 479, 3, 3, 182, 517, 0),
(10009, 'rotom-wash', 479, 3, 3, 182, 518, 0),
(10010, 'rotom-frost', 479, 3, 3, 182, 519, 0),
(10011, 'rotom-fan', 479, 3, 3, 182, 520, 0),
(10012, 'rotom-mow', 479, 3, 3, 182, 521, 0),
(10013, 'castform-sunny', 351, 3, 8, 147, 403, 0),
(10014, 'castform-rainy', 351, 3, 8, 147, 404, 0),
(10015, 'castform-snowy', 351, 3, 8, 147, 405, 0),
(10016, 'basculin-blue-striped', 550, 10, 180, 161, 595, 0),
(10017, 'darmanitan-zen', 555, 13, 929, 189, 601, 0),
(10018, 'meloetta-pirouette', 648, 6, 65, 270, 701, 0),
(10019, 'tornadus-therian', 641, 14, 630, 261, 688, 0),
(10020, 'thundurus-therian', 642, 30, 610, 261, 690, 0),
(10021, 'landorus-therian', 645, 13, 680, 270, 694, 0),
(10022, 'kyurem-black', 646, 33, 3250, 315, 696, 0),
(10023, 'kyurem-white', 646, 36, 3250, 315, 697, 0),
(10024, 'keldeo-resolute', 647, 14, 485, 261, 699, 0),
(10025, 'meowstic-female', 678, 6, 85, 0, 732, 0),
(10026, 'aegislash-blade', 681, 17, 530, 0, 736, 0),
(10027, 'pumpkaboo-small', 710, 3, 35, 0, 764, 0),
(10028, 'pumpkaboo-large', 710, 5, 75, 0, 766, 0),
(10029, 'pumpkaboo-super', 710, 8, 150, 0, 767, 0),
(10030, 'gourgeist-small', 711, 7, 95, 0, 768, 0),
(10031, 'gourgeist-large', 711, 11, 140, 0, 770, 0),
(10032, 'gourgeist-super', 711, 17, 390, 0, 771, 0),
(10033, 'venusaur-mega', 3, 24, 1555, 0, 4, 0),
(10034, 'charizard-mega-x', 6, 17, 1105, 0, 8, 0),
(10035, 'charizard-mega-y', 6, 17, 1005, 0, 9, 0),
(10036, 'blastoise-mega', 9, 16, 1011, 0, 13, 0),
(10037, 'alakazam-mega', 65, 0, 0, 0, 76, 0),
(10038, 'gengar-mega', 94, 14, 405, 0, 108, 0),
(10039, 'kangaskhan-mega', 115, 22, 1000, 0, 138, 0),
(10040, 'pinsir-mega', 127, 0, 0, 0, 160, 0),
(10041, 'gyarados-mega', 130, 65, 3050, 0, 164, 0),
(10042, 'aerodactyl-mega', 142, 21, 790, 0, 184, 0),
(10043, 'mewtwo-mega-x', 150, 23, 1270, 0, 194, 0),
(10044, 'mewtwo-mega-y', 150, 15, 330, 0, 195, 0),
(10045, 'ampharos-mega', 181, 14, 615, 0, 224, 0),
(10046, 'scizor-mega', 212, 0, 0, 0, 150, 0),
(10047, 'heracross-mega', 214, 0, 0, 0, 259, 0),
(10048, 'houndoom-mega', 229, 0, 0, 0, 278, 0),
(10049, 'tyranitar-mega', 248, 25, 2550, 0, 290, 0),
(10050, 'blaziken-mega', 257, 19, 520, 0, 300, 0),
(10051, 'gardevoir-mega', 282, 16, 484, 0, 326, 0),
(10052, 'mawile-mega', 303, 10, 235, 0, 349, 0),
(10053, 'aggron-mega', 306, 22, 3950, 0, 353, 0),
(10054, 'medicham-mega', 308, 0, 0, 0, 356, 0),
(10055, 'manectric-mega', 310, 0, 0, 0, 359, 0),
(10056, 'banette-mega', 354, 0, 0, 0, 409, 0),
(10057, 'absol-mega', 359, 12, 490, 0, 417, 0),
(10058, 'garchomp-mega', 445, 19, 950, 0, 500, 0),
(10059, 'lucario-mega', 448, 13, 575, 0, 503, 0),
(10060, 'abomasnow-mega', 460, 0, 0, 0, 515, 0);

-- --------------------------------------------------------

--
-- Struttura della tabella `pokemon_colors`
--

CREATE TABLE IF NOT EXISTS `pokemon_colors` (
  `id` int(11) NOT NULL,
  `identifier` varchar(100) NOT NULL
) ENGINE=InnoDB DEFAULT CHARSET=latin1;

--
-- Dump dei dati per la tabella `pokemon_colors`
--

INSERT INTO `pokemon_colors` (`id`, `identifier`) VALUES
(1, 'black'),
(2, 'blue'),
(3, 'brown'),
(4, 'gray'),
(5, 'green'),
(6, 'pink'),
(7, 'purple'),
(8, 'red'),
(9, 'white'),
(10, 'yellow');

-- --------------------------------------------------------

--
-- Struttura della tabella `pokemon_habitats`
--

CREATE TABLE IF NOT EXISTS `pokemon_habitats` (
  `id` int(11) NOT NULL,
  `identifier` varchar(16) NOT NULL
) ENGINE=InnoDB DEFAULT CHARSET=latin1;

--
-- Dump dei dati per la tabella `pokemon_habitats`
--

INSERT INTO `pokemon_habitats` (`id`, `identifier`) VALUES
(1, 'cave'),
(2, 'forest'),
(3, 'grassland'),
(4, 'mountain'),
(5, 'rare'),
(6, 'rough-terrain'),
(7, 'sea'),
(8, 'urban'),
(9, 'waters-edge');

-- --------------------------------------------------------

--
-- Struttura della tabella `pokemon_shapes`
--

CREATE TABLE IF NOT EXISTS `pokemon_shapes` (
  `id` int(11) NOT NULL,
  `identifier` varchar(24) NOT NULL
) ENGINE=InnoDB DEFAULT CHARSET=latin1;

--
-- Dump dei dati per la tabella `pokemon_shapes`
--

INSERT INTO `pokemon_shapes` (`id`, `identifier`) VALUES
(1, 'ball'),
(2, 'squiggle'),
(3, 'fish'),
(4, 'arms'),
(5, 'blob'),
(6, 'upright'),
(7, 'legs'),
(8, 'quadruped'),
(9, 'wings'),
(10, 'tentacles'),
(11, 'heads'),
(12, 'humanoid'),
(13, 'bug-wings'),
(14, 'armor');

-- --------------------------------------------------------

--
-- Struttura della tabella `pokemon_species`
--

CREATE TABLE IF NOT EXISTS `pokemon_species` (
  `id` int(11) NOT NULL,
  `identifier` varchar(20) NOT NULL,
  `generation_id` int(11) DEFAULT NULL,
  `evolves_from_species_id` int(11) DEFAULT NULL,
  `evolution_chain_id` int(11) DEFAULT NULL,
  `color_id` int(11) NOT NULL,
  `shape_id` int(11) NOT NULL,
  `habitat_id` int(11) DEFAULT NULL,
  `gender_rate` int(11) NOT NULL,
  `capture_rate` int(11) NOT NULL,
  `base_happiness` int(11) NOT NULL,
  `is_baby` tinyint(1) NOT NULL,
  `hatch_counter` int(11) NOT NULL,
  `has_gender_differences` tinyint(1) NOT NULL,
  `growth_rate_id` int(11) NOT NULL,
  `forms_switchable` tinyint(1) NOT NULL,
  `order_` int(11) NOT NULL,
  `conquest_order` int(11) DEFAULT NULL
) ENGINE=InnoDB DEFAULT CHARSET=latin1;

--
-- Dump dei dati per la tabella `pokemon_species`
--

INSERT INTO `pokemon_species` (`id`, `identifier`, `generation_id`, `evolves_from_species_id`, `evolution_chain_id`, `color_id`, `shape_id`, `habitat_id`, `gender_rate`, `capture_rate`, `base_happiness`, `is_baby`, `hatch_counter`, `has_gender_differences`, `growth_rate_id`, `forms_switchable`, `order_`, `conquest_order`) VALUES
(1, 'bulbasaur', 1, NULL, 1, 5, 8, 3, 1, 45, 70, 0, 20, 0, 4, 0, 1, NULL),
(2, 'ivysaur', 1, 1, 1, 5, 8, 3, 1, 45, 70, 0, 20, 0, 4, 0, 2, NULL),
(3, 'venusaur', 1, 2, 1, 5, 8, 3, 1, 45, 70, 0, 20, 1, 4, 1, 3, NULL),
(4, 'charmander', 1, NULL, 2, 8, 6, 4, 1, 45, 70, 0, 20, 0, 4, 0, 4, 109),
(5, 'charmeleon', 1, 4, 2, 8, 6, 4, 1, 45, 70, 0, 20, 0, 4, 0, 5, 110),
(6, 'charizard', 1, 5, 2, 8, 6, 4, 1, 45, 70, 0, 20, 0, 4, 1, 6, 111),
(7, 'squirtle', 1, NULL, 3, 2, 6, 9, 1, 45, 70, 0, 20, 0, 4, 0, 7, NULL),
(8, 'wartortle', 1, 7, 3, 2, 6, 9, 1, 45, 70, 0, 20, 0, 4, 0, 8, NULL),
(9, 'blastoise', 1, 8, 3, 2, 6, 9, 1, 45, 70, 0, 20, 0, 4, 1, 9, NULL),
(10, 'caterpie', 1, NULL, 4, 5, 2, 2, 4, 255, 70, 0, 15, 0, 2, 0, 10, NULL),
(11, 'metapod', 1, 10, 4, 5, 2, 2, 4, 120, 70, 0, 15, 0, 2, 0, 11, NULL),
(12, 'butterfree', 1, 11, 4, 9, 13, 2, 4, 45, 70, 0, 15, 1, 2, 0, 12, NULL),
(13, 'weedle', 1, NULL, 5, 3, 2, 2, 4, 255, 70, 0, 15, 0, 2, 0, 13, NULL),
(14, 'kakuna', 1, 13, 5, 10, 2, 2, 4, 120, 70, 0, 15, 0, 2, 0, 14, NULL),
(15, 'beedrill', 1, 14, 5, 10, 13, 2, 4, 45, 70, 0, 15, 0, 2, 0, 15, 177),
(16, 'pidgey', 1, NULL, 6, 3, 9, 2, 4, 255, 70, 0, 15, 0, 4, 0, 16, NULL),
(17, 'pidgeotto', 1, 16, 6, 3, 9, 2, 4, 120, 70, 0, 15, 0, 4, 0, 17, NULL),
(18, 'pidgeot', 1, 17, 6, 3, 9, 2, 4, 45, 70, 0, 15, 0, 4, 0, 18, NULL),
(19, 'rattata', 1, NULL, 7, 7, 8, 3, 4, 255, 70, 0, 15, 1, 2, 0, 19, NULL),
(20, 'raticate', 1, 19, 7, 3, 8, 3, 4, 127, 70, 0, 15, 1, 2, 0, 20, NULL),
(21, 'spearow', 1, NULL, 8, 3, 9, 6, 4, 255, 70, 0, 15, 0, 2, 0, 21, NULL),
(22, 'fearow', 1, 21, 8, 3, 9, 6, 4, 90, 70, 0, 15, 0, 2, 0, 22, NULL),
(23, 'ekans', 1, NULL, 9, 7, 2, 3, 4, 255, 70, 0, 20, 0, 2, 0, 23, 54),
(24, 'arbok', 1, 23, 9, 7, 2, 3, 4, 90, 70, 0, 20, 0, 2, 0, 24, 55),
(25, 'pikachu', 1, 172, 10, 10, 8, 2, 4, 190, 70, 0, 10, 1, 2, 0, 26, 16),
(26, 'raichu', 1, 25, 10, 10, 6, 2, 4, 75, 70, 0, 10, 1, 2, 0, 27, 17),
(27, 'sandshrew', 1, NULL, 11, 10, 6, 6, 4, 255, 70, 0, 20, 0, 2, 0, 28, NULL),
(28, 'sandslash', 1, 27, 11, 10, 6, 6, 4, 90, 70, 0, 20, 0, 2, 0, 29, NULL),
(29, 'nidoran-f', 1, NULL, 12, 2, 8, 3, 8, 235, 70, 0, 20, 0, 4, 0, 30, NULL),
(30, 'nidorina', 1, 29, 12, 2, 8, 3, 8, 120, 70, 0, 20, 0, 4, 0, 31, NULL),
(31, 'nidoqueen', 1, 30, 12, 2, 6, 3, 8, 45, 70, 0, 20, 0, 4, 0, 32, NULL),
(32, 'nidoran-m', 1, NULL, 13, 7, 8, 3, 0, 235, 70, 0, 20, 0, 4, 0, 33, NULL),
(33, 'nidorino', 1, 32, 13, 7, 8, 3, 0, 120, 70, 0, 20, 0, 4, 0, 34, NULL),
(34, 'nidoking', 1, 33, 13, 7, 6, 3, 0, 45, 70, 0, 20, 0, 4, 0, 35, NULL),
(35, 'clefairy', 1, 173, 14, 6, 6, 4, 6, 150, 140, 0, 10, 0, 3, 0, 37, NULL),
(36, 'clefable', 1, 35, 14, 6, 6, 4, 6, 25, 140, 0, 10, 0, 3, 0, 38, NULL),
(37, 'vulpix', 1, NULL, 15, 3, 8, 3, 6, 190, 70, 0, 20, 0, 2, 0, 39, NULL),
(38, 'ninetales', 1, 37, 15, 10, 8, 3, 6, 75, 70, 0, 20, 0, 2, 0, 40, NULL),
(39, 'jigglypuff', 1, 174, 16, 6, 12, 3, 6, 170, 70, 0, 10, 0, 3, 0, 42, 21),
(40, 'wigglytuff', 1, 39, 16, 6, 12, 3, 6, 50, 70, 0, 10, 0, 3, 0, 43, 22),
(41, 'zubat', 1, NULL, 17, 7, 9, 1, 4, 255, 70, 0, 15, 1, 2, 0, 44, 23),
(42, 'golbat', 1, 41, 17, 7, 9, 1, 4, 90, 70, 0, 15, 1, 2, 0, 45, 24),
(43, 'oddish', 1, NULL, 18, 2, 7, 3, 4, 255, 70, 0, 20, 0, 4, 0, 47, NULL),
(44, 'gloom', 1, 43, 18, 2, 12, 3, 4, 120, 70, 0, 20, 1, 4, 0, 48, NULL),
(45, 'vileplume', 1, 44, 18, 8, 12, 3, 4, 45, 70, 0, 20, 1, 4, 0, 49, NULL),
(46, 'paras', 1, NULL, 19, 8, 14, 2, 4, 190, 70, 0, 20, 0, 2, 0, 51, NULL),
(47, 'parasect', 1, 46, 19, 8, 14, 2, 4, 75, 70, 0, 20, 0, 2, 0, 52, NULL),
(48, 'venonat', 1, NULL, 20, 7, 12, 2, 4, 190, 70, 0, 20, 0, 2, 0, 53, NULL),
(49, 'venomoth', 1, 48, 20, 7, 13, 2, 4, 75, 70, 0, 20, 0, 2, 0, 54, NULL),
(50, 'diglett', 1, NULL, 21, 3, 5, 1, 4, 255, 70, 0, 20, 0, 2, 0, 55, NULL),
(51, 'dugtrio', 1, 50, 21, 3, 11, 1, 4, 50, 70, 0, 20, 0, 2, 0, 56, NULL),
(52, 'meowth', 1, NULL, 22, 10, 8, 8, 4, 255, 70, 0, 20, 0, 2, 0, 57, 58),
(53, 'persian', 1, 52, 22, 10, 8, 8, 4, 90, 70, 0, 20, 0, 2, 0, 58, 59),
(54, 'psyduck', 1, NULL, 23, 10, 6, 9, 4, 190, 70, 0, 20, 0, 2, 0, 59, NULL),
(55, 'golduck', 1, 54, 23, 2, 6, 9, 4, 75, 70, 0, 20, 0, 2, 0, 60, NULL),
(56, 'mankey', 1, NULL, 24, 3, 6, 4, 4, 190, 70, 0, 20, 0, 2, 0, 61, NULL),
(57, 'primeape', 1, 56, 24, 3, 6, 4, 4, 75, 70, 0, 20, 0, 2, 0, 62, NULL),
(58, 'growlithe', 1, NULL, 25, 3, 8, 3, 2, 190, 70, 0, 20, 0, 1, 0, 63, NULL),
(59, 'arcanine', 1, 58, 25, 3, 8, 3, 2, 75, 70, 0, 20, 0, 1, 0, 64, NULL),
(60, 'poliwag', 1, NULL, 26, 2, 7, 9, 4, 255, 70, 0, 20, 0, 4, 0, 65, NULL),
(61, 'poliwhirl', 1, 60, 26, 2, 12, 9, 4, 120, 70, 0, 20, 0, 4, 0, 66, NULL),
(62, 'poliwrath', 1, 61, 26, 2, 12, 9, 4, 45, 70, 0, 20, 0, 4, 0, 67, NULL),
(63, 'abra', 1, NULL, 27, 3, 6, 8, 2, 200, 70, 0, 20, 0, 4, 0, 69, 127),
(64, 'kadabra', 1, 63, 27, 3, 6, 8, 2, 100, 70, 0, 20, 1, 4, 0, 70, 128),
(65, 'alakazam', 1, 64, 27, 3, 12, 8, 2, 50, 70, 0, 20, 1, 4, 1, 71, 129),
(66, 'machop', 1, NULL, 28, 4, 6, 4, 2, 180, 70, 0, 20, 0, 4, 0, 72, 98),
(67, 'machoke', 1, 66, 28, 4, 12, 4, 2, 90, 70, 0, 20, 0, 4, 0, 73, 99),
(68, 'machamp', 1, 67, 28, 4, 12, 4, 2, 45, 70, 0, 20, 0, 4, 0, 74, 100),
(69, 'bellsprout', 1, NULL, 29, 5, 12, 2, 4, 255, 70, 0, 20, 0, 4, 0, 75, NULL),
(70, 'weepinbell', 1, 69, 29, 5, 5, 2, 4, 120, 70, 0, 20, 0, 4, 0, 76, NULL),
(71, 'victreebel', 1, 70, 29, 5, 5, 2, 4, 45, 70, 0, 20, 0, 4, 0, 77, NULL),
(72, 'tentacool', 1, NULL, 30, 2, 10, 7, 4, 190, 70, 0, 20, 0, 1, 0, 78, NULL),
(73, 'tentacruel', 1, 72, 30, 2, 10, 7, 4, 60, 70, 0, 20, 0, 1, 0, 79, NULL),
(74, 'geodude', 1, NULL, 31, 3, 4, 4, 4, 255, 70, 0, 15, 0, 4, 0, 80, NULL),
(75, 'graveler', 1, 74, 31, 3, 12, 4, 4, 120, 70, 0, 15, 0, 4, 0, 81, NULL),
(76, 'golem', 1, 75, 31, 3, 12, 4, 4, 45, 70, 0, 15, 0, 4, 0, 82, NULL),
(77, 'ponyta', 1, NULL, 32, 10, 8, 3, 4, 190, 70, 0, 20, 0, 2, 0, 83, NULL),
(78, 'rapidash', 1, 77, 32, 10, 8, 3, 4, 60, 70, 0, 20, 0, 2, 0, 84, NULL),
(79, 'slowpoke', 1, NULL, 33, 6, 8, 9, 4, 190, 70, 0, 20, 0, 2, 0, 85, NULL),
(80, 'slowbro', 1, 79, 33, 6, 6, 9, 4, 75, 70, 0, 20, 0, 2, 0, 86, NULL),
(81, 'magnemite', 1, NULL, 34, 4, 4, 6, -1, 190, 70, 0, 20, 0, 2, 0, 88, NULL),
(82, 'magneton', 1, 81, 34, 4, 11, 6, -1, 60, 70, 0, 20, 0, 2, 0, 89, NULL),
(83, 'farfetchd', 1, NULL, 35, 3, 9, 3, 4, 45, 70, 0, 20, 0, 2, 0, 91, NULL),
(84, 'doduo', 1, NULL, 36, 3, 7, 3, 4, 190, 70, 0, 20, 1, 2, 0, 92, NULL),
(85, 'dodrio', 1, 84, 36, 3, 7, 3, 4, 45, 70, 0, 20, 1, 2, 0, 93, NULL),
(86, 'seel', 1, NULL, 37, 9, 3, 7, 4, 190, 70, 0, 20, 0, 2, 0, 94, NULL),
(87, 'dewgong', 1, 86, 37, 9, 3, 7, 4, 75, 70, 0, 20, 0, 2, 0, 95, NULL),
(88, 'grimer', 1, NULL, 38, 7, 4, 8, 4, 190, 70, 0, 20, 0, 2, 0, 96, NULL),
(89, 'muk', 1, 88, 38, 7, 4, 8, 4, 75, 70, 0, 20, 0, 2, 0, 97, NULL),
(90, 'shellder', 1, NULL, 39, 7, 1, 7, 4, 190, 70, 0, 20, 0, 1, 0, 98, NULL),
(91, 'cloyster', 1, 90, 39, 7, 1, 7, 4, 60, 70, 0, 20, 0, 1, 0, 99, NULL),
(92, 'gastly', 1, NULL, 40, 7, 1, 1, 4, 190, 70, 0, 20, 0, 4, 0, 100, 112),
(93, 'haunter', 1, 92, 40, 7, 4, 1, 4, 90, 70, 0, 20, 0, 4, 0, 101, 113),
(94, 'gengar', 1, 93, 40, 7, 6, 1, 4, 45, 70, 0, 20, 0, 4, 1, 102, 114),
(95, 'onix', 1, NULL, 41, 4, 2, 1, 4, 45, 70, 0, 25, 0, 2, 0, 103, 175),
(96, 'drowzee', 1, NULL, 42, 10, 12, 3, 4, 190, 70, 0, 20, 0, 2, 0, 105, NULL),
(97, 'hypno', 1, 96, 42, 10, 12, 3, 4, 75, 70, 0, 20, 1, 2, 0, 106, NULL),
(98, 'krabby', 1, NULL, 43, 8, 14, 9, 4, 225, 70, 0, 20, 0, 2, 0, 107, NULL),
(99, 'kingler', 1, 98, 43, 8, 14, 9, 4, 60, 70, 0, 20, 0, 2, 0, 108, NULL),
(100, 'voltorb', 1, NULL, 44, 8, 1, 8, -1, 190, 70, 0, 20, 0, 2, 0, 109, NULL),
(101, 'electrode', 1, 100, 44, 8, 1, 8, -1, 60, 70, 0, 20, 0, 2, 0, 110, NULL),
(102, 'exeggcute', 1, NULL, 45, 6, 11, 2, 4, 90, 70, 0, 20, 0, 1, 0, 111, NULL),
(103, 'exeggutor', 1, 102, 45, 10, 7, 2, 4, 45, 70, 0, 20, 0, 1, 0, 112, NULL),
(104, 'cubone', 1, NULL, 46, 3, 6, 4, 4, 190, 70, 0, 20, 0, 2, 0, 113, NULL),
(105, 'marowak', 1, 104, 46, 3, 6, 4, 4, 75, 70, 0, 20, 0, 2, 0, 114, NULL),
(106, 'hitmonlee', 1, 236, 47, 3, 12, 8, 0, 45, 70, 0, 25, 0, 2, 0, 116, NULL),
(107, 'hitmonchan', 1, 236, 47, 3, 12, 8, 0, 45, 70, 0, 25, 0, 2, 0, 117, NULL),
(108, 'lickitung', 1, NULL, 48, 6, 6, 3, 4, 45, 70, 0, 20, 0, 2, 0, 119, NULL),
(109, 'koffing', 1, NULL, 49, 7, 1, 8, 4, 190, 70, 0, 20, 0, 2, 0, 121, NULL),
(110, 'weezing', 1, 109, 49, 7, 11, 8, 4, 60, 70, 0, 20, 0, 2, 0, 122, NULL),
(111, 'rhyhorn', 1, NULL, 50, 4, 8, 6, 4, 120, 70, 0, 20, 1, 1, 0, 123, 160),
(112, 'rhydon', 1, 111, 50, 4, 6, 6, 4, 60, 70, 0, 20, 1, 1, 0, 124, 161),
(113, 'chansey', 1, 440, 51, 6, 6, 8, 8, 30, 140, 0, 40, 0, 3, 0, 127, NULL),
(114, 'tangela', 1, NULL, 52, 2, 7, 3, 4, 45, 70, 0, 20, 0, 2, 0, 129, NULL),
(115, 'kangaskhan', 1, NULL, 53, 3, 6, 3, 8, 45, 70, 0, 20, 0, 2, 1, 131, NULL),
(116, 'horsea', 1, NULL, 54, 2, 5, 7, 4, 225, 70, 0, 20, 0, 2, 0, 132, NULL),
(117, 'seadra', 1, 116, 54, 2, 5, 7, 4, 75, 70, 0, 20, 0, 2, 0, 133, NULL),
(118, 'goldeen', 1, NULL, 55, 8, 3, 9, 4, 225, 70, 0, 20, 1, 2, 0, 135, NULL),
(119, 'seaking', 1, 118, 55, 8, 3, 9, 4, 60, 70, 0, 20, 1, 2, 0, 136, NULL),
(120, 'staryu', 1, NULL, 56, 3, 5, 7, -1, 225, 70, 0, 20, 0, 1, 0, 137, NULL),
(121, 'starmie', 1, 120, 56, 7, 5, 7, -1, 60, 70, 0, 20, 0, 1, 0, 138, NULL),
(122, 'mr-mime', 1, 439, 57, 6, 12, 8, 4, 45, 70, 0, 25, 0, 2, 0, 140, NULL),
(123, 'scyther', 1, NULL, 58, 5, 13, 3, 4, 45, 70, 0, 25, 1, 2, 0, 141, 188),
(124, 'jynx', 1, 238, 59, 8, 12, 8, 8, 45, 70, 0, 25, 0, 2, 0, 144, NULL),
(125, 'electabuzz', 1, 239, 60, 10, 6, 3, 2, 45, 70, 0, 25, 0, 2, 0, 146, NULL),
(126, 'magmar', 1, 240, 61, 8, 6, 4, 2, 45, 70, 0, 25, 0, 2, 0, 149, NULL),
(127, 'pinsir', 1, NULL, 62, 3, 12, 2, 4, 45, 70, 0, 25, 0, 1, 1, 151, NULL),
(128, 'tauros', 1, NULL, 63, 3, 8, 3, 0, 45, 70, 0, 20, 0, 1, 0, 152, NULL),
(129, 'magikarp', 1, NULL, 64, 8, 3, 9, 4, 255, 70, 0, 5, 1, 1, 0, 153, 13),
(130, 'gyarados', 1, 129, 64, 2, 2, 9, 4, 45, 70, 0, 5, 1, 1, 1, 154, 14),
(131, 'lapras', 1, NULL, 65, 2, 3, 7, 4, 45, 70, 0, 40, 0, 1, 0, 155, 190),
(132, 'ditto', 1, NULL, 66, 7, 1, 8, -1, 35, 70, 0, 20, 0, 2, 0, 156, NULL),
(133, 'eevee', 1, NULL, 67, 3, 8, 8, 1, 45, 70, 0, 35, 0, 2, 0, 157, 1),
(134, 'vaporeon', 1, 133, 67, 2, 8, 8, 1, 45, 70, 0, 35, 0, 2, 0, 158, 2),
(135, 'jolteon', 1, 133, 67, 10, 8, 8, 1, 45, 70, 0, 35, 0, 2, 0, 159, 3),
(136, 'flareon', 1, 133, 67, 8, 8, 8, 1, 45, 70, 0, 35, 0, 2, 0, 160, 4),
(137, 'porygon', 1, NULL, 68, 6, 7, 8, -1, 45, 70, 0, 20, 0, 2, 0, 166, NULL),
(138, 'omanyte', 1, NULL, 69, 2, 10, 7, 1, 45, 70, 0, 30, 0, 2, 0, 169, NULL),
(139, 'omastar', 1, 138, 69, 2, 10, 7, 1, 45, 70, 0, 30, 0, 2, 0, 170, NULL),
(140, 'kabuto', 1, NULL, 70, 3, 14, 7, 1, 45, 70, 0, 30, 0, 2, 0, 171, NULL),
(141, 'kabutops', 1, 140, 70, 3, 6, 7, 1, 45, 70, 0, 30, 0, 2, 0, 172, NULL),
(142, 'aerodactyl', 1, NULL, 71, 7, 9, 4, 1, 45, 70, 0, 35, 0, 1, 1, 173, NULL),
(143, 'snorlax', 1, 446, 72, 1, 12, 4, 1, 25, 70, 0, 40, 0, 1, 0, 175, 179),
(144, 'articuno', 1, NULL, 73, 2, 9, 5, -1, 3, 35, 0, 80, 0, 1, 0, 176, 192),
(145, 'zapdos', 1, NULL, 74, 10, 9, 5, -1, 3, 35, 0, 80, 0, 1, 0, 177, NULL),
(146, 'moltres', 1, NULL, 75, 10, 9, 5, -1, 3, 35, 0, 80, 0, 1, 0, 178, NULL),
(147, 'dratini', 1, NULL, 76, 2, 2, 9, 4, 45, 35, 0, 40, 0, 1, 0, 179, 76),
(148, 'dragonair', 1, 147, 76, 2, 2, 9, 4, 45, 35, 0, 40, 0, 1, 0, 180, 77),
(149, 'dragonite', 1, 148, 76, 3, 6, 9, 4, 45, 35, 0, 40, 0, 1, 0, 181, 78),
(150, 'mewtwo', 1, NULL, 77, 7, 6, 5, -1, 3, 0, 0, 120, 0, 1, 1, 182, 196),
(151, 'mew', 1, NULL, 78, 6, 6, 5, -1, 45, 100, 0, 120, 0, 4, 0, 183, NULL),
(152, 'chikorita', 2, NULL, 79, 5, 8, 3, 1, 45, 70, 0, 20, 0, 4, 0, 184, NULL),
(153, 'bayleef', 2, 152, 79, 5, 8, 3, 1, 45, 70, 0, 20, 0, 4, 0, 185, NULL),
(154, 'meganium', 2, 153, 79, 5, 8, 3, 1, 45, 70, 0, 20, 1, 4, 0, 186, NULL),
(155, 'cyndaquil', 2, NULL, 80, 10, 12, 3, 1, 45, 70, 0, 20, 0, 4, 0, 187, NULL),
(156, 'quilava', 2, 155, 80, 10, 8, 3, 1, 45, 70, 0, 20, 0, 4, 0, 188, NULL),
(157, 'typhlosion', 2, 156, 80, 10, 8, 3, 1, 45, 70, 0, 20, 0, 4, 0, 189, NULL),
(158, 'totodile', 2, NULL, 81, 2, 6, 9, 1, 45, 70, 0, 20, 0, 4, 0, 190, NULL),
(159, 'croconaw', 2, 158, 81, 2, 6, 9, 1, 45, 70, 0, 20, 0, 4, 0, 191, NULL),
(160, 'feraligatr', 2, 159, 81, 2, 6, 9, 1, 45, 70, 0, 20, 0, 4, 0, 192, NULL),
(161, 'sentret', 2, NULL, 82, 3, 8, 3, 4, 255, 70, 0, 15, 0, 2, 0, 193, NULL),
(162, 'furret', 2, 161, 82, 3, 8, 3, 4, 90, 70, 0, 15, 0, 2, 0, 194, NULL),
(163, 'hoothoot', 2, NULL, 83, 3, 9, 2, 4, 255, 70, 0, 15, 0, 2, 0, 195, NULL),
(164, 'noctowl', 2, 163, 83, 3, 9, 2, 4, 90, 70, 0, 15, 0, 2, 0, 196, NULL),
(165, 'ledyba', 2, NULL, 84, 8, 9, 2, 4, 255, 70, 0, 15, 1, 3, 0, 197, NULL),
(166, 'ledian', 2, 165, 84, 8, 9, 2, 4, 90, 70, 0, 15, 1, 3, 0, 198, NULL),
(167, 'spinarak', 2, NULL, 85, 5, 14, 2, 4, 255, 70, 0, 15, 0, 3, 0, 199, NULL),
(168, 'ariados', 2, 167, 85, 8, 14, 2, 4, 90, 70, 0, 15, 0, 3, 0, 200, NULL),
(169, 'crobat', 2, 42, 17, 7, 13, 1, 4, 90, 70, 0, 15, 0, 2, 0, 46, 25),
(170, 'chinchou', 2, NULL, 86, 2, 3, 7, 4, 190, 70, 0, 20, 0, 1, 0, 201, NULL),
(171, 'lanturn', 2, 170, 86, 2, 3, 7, 4, 75, 70, 0, 20, 0, 1, 0, 202, NULL),
(172, 'pichu', 2, NULL, 10, 10, 8, 2, 4, 190, 70, 1, 10, 0, 2, 0, 25, 15),
(173, 'cleffa', 2, NULL, 14, 6, 6, 4, 6, 150, 140, 1, 10, 0, 3, 0, 36, NULL),
(174, 'igglybuff', 2, NULL, 16, 6, 12, 3, 6, 170, 70, 1, 10, 0, 3, 0, 41, 20),
(175, 'togepi', 2, NULL, 87, 9, 12, 2, 1, 190, 70, 1, 10, 0, 3, 0, 203, NULL),
(176, 'togetic', 2, 175, 87, 9, 12, 2, 1, 75, 70, 0, 10, 0, 3, 0, 204, NULL),
(177, 'natu', 2, NULL, 88, 5, 9, 2, 4, 190, 70, 0, 20, 0, 2, 0, 206, NULL),
(178, 'xatu', 2, 177, 88, 5, 9, 2, 4, 75, 70, 0, 20, 1, 2, 0, 207, NULL),
(179, 'mareep', 2, NULL, 89, 9, 8, 3, 4, 235, 70, 0, 20, 0, 4, 0, 208, 45),
(180, 'flaaffy', 2, 179, 89, 6, 6, 3, 4, 120, 70, 0, 20, 0, 4, 0, 209, 46),
(181, 'ampharos', 2, 180, 89, 10, 6, 3, 4, 45, 70, 0, 20, 0, 4, 1, 210, 47),
(182, 'bellossom', 2, 44, 18, 5, 12, 3, 4, 45, 70, 0, 20, 0, 4, 0, 50, NULL),
(183, 'marill', 2, 298, 90, 2, 6, 9, 4, 190, 70, 0, 10, 0, 3, 0, 212, NULL),
(184, 'azumarill', 2, 183, 90, 2, 6, 9, 4, 75, 70, 0, 10, 0, 3, 0, 213, NULL),
(185, 'sudowoodo', 2, 438, 91, 3, 12, 2, 4, 65, 70, 0, 20, 1, 2, 0, 215, NULL),
(186, 'politoed', 2, 61, 26, 5, 12, 9, 4, 45, 70, 0, 20, 1, 4, 0, 68, NULL),
(187, 'hoppip', 2, NULL, 92, 6, 6, 3, 4, 255, 70, 0, 20, 0, 4, 0, 216, NULL),
(188, 'skiploom', 2, 187, 92, 5, 6, 3, 4, 120, 70, 0, 20, 0, 4, 0, 217, NULL),
(189, 'jumpluff', 2, 188, 92, 2, 6, 3, 4, 45, 70, 0, 20, 0, 4, 0, 218, NULL),
(190, 'aipom', 2, NULL, 93, 7, 6, 2, 4, 45, 70, 0, 20, 1, 3, 0, 219, NULL),
(191, 'sunkern', 2, NULL, 94, 10, 1, 3, 4, 235, 70, 0, 20, 0, 4, 0, 221, NULL),
(192, 'sunflora', 2, 191, 94, 10, 12, 3, 4, 120, 70, 0, 20, 0, 4, 0, 222, NULL),
(193, 'yanma', 2, NULL, 95, 8, 13, 2, 4, 75, 70, 0, 20, 0, 2, 0, 223, NULL),
(194, 'wooper', 2, NULL, 96, 2, 7, 9, 4, 255, 70, 0, 20, 1, 2, 0, 225, 18),
(195, 'quagsire', 2, 194, 96, 2, 6, 9, 4, 90, 70, 0, 20, 1, 2, 0, 226, 19),
(196, 'espeon', 2, 133, 67, 7, 8, 8, 1, 45, 70, 0, 35, 0, 2, 0, 161, 5),
(197, 'umbreon', 2, 133, 67, 1, 8, 8, 1, 45, 35, 0, 35, 0, 2, 0, 162, 6),
(198, 'murkrow', 2, NULL, 97, 1, 9, 2, 4, 30, 35, 0, 20, 1, 4, 0, 227, NULL),
(199, 'slowking', 2, 79, 33, 6, 6, 9, 4, 70, 70, 0, 20, 0, 2, 0, 87, NULL),
(200, 'misdreavus', 2, NULL, 98, 4, 1, 1, 4, 45, 35, 0, 25, 0, 3, 0, 229, 183),
(201, 'unown', 2, NULL, 99, 1, 1, 5, -1, 225, 70, 0, 40, 0, 2, 0, 231, NULL),
(202, 'wobbuffet', 2, 360, 100, 2, 5, 1, 4, 45, 70, 0, 20, 1, 2, 0, 233, NULL),
(203, 'girafarig', 2, NULL, 101, 10, 8, 3, 4, 60, 70, 0, 20, 1, 2, 0, 234, NULL),
(204, 'pineco', 2, NULL, 102, 4, 1, 2, 4, 190, 70, 0, 20, 0, 2, 0, 235, 56),
(205, 'forretress', 2, 204, 102, 7, 1, 2, 4, 75, 70, 0, 20, 0, 2, 0, 236, 57),
(206, 'dunsparce', 2, NULL, 103, 10, 2, 1, 4, 190, 70, 0, 20, 0, 2, 0, 237, NULL),
(207, 'gligar', 2, NULL, 104, 7, 9, 4, 4, 60, 70, 0, 20, 1, 4, 0, 238, NULL),
(208, 'steelix', 2, 95, 41, 4, 2, 1, 4, 25, 70, 0, 25, 1, 2, 0, 104, 176),
(209, 'snubbull', 2, NULL, 105, 6, 12, 8, 6, 190, 70, 0, 20, 0, 3, 0, 240, NULL),
(210, 'granbull', 2, 209, 105, 7, 6, 8, 6, 75, 70, 0, 20, 0, 3, 0, 241, NULL),
(211, 'qwilfish', 2, NULL, 106, 4, 3, 7, 4, 45, 70, 0, 20, 0, 2, 0, 242, NULL),
(212, 'scizor', 2, 123, 58, 8, 13, 3, 4, 25, 70, 0, 25, 1, 2, 1, 142, 189),
(213, 'shuckle', 2, NULL, 107, 10, 14, 4, 4, 190, 70, 0, 20, 0, 4, 0, 243, NULL),
(214, 'heracross', 2, NULL, 108, 2, 12, 2, 4, 45, 70, 0, 25, 1, 1, 1, 244, NULL),
(215, 'sneasel', 2, NULL, 109, 1, 6, 2, 4, 60, 35, 0, 20, 1, 4, 0, 245, 181),
(216, 'teddiursa', 2, NULL, 110, 3, 6, 4, 4, 120, 70, 0, 20, 0, 2, 0, 247, NULL),
(217, 'ursaring', 2, 216, 110, 3, 6, 4, 4, 60, 70, 0, 20, 1, 2, 0, 248, NULL),
(218, 'slugma', 2, NULL, 111, 8, 2, 4, 4, 190, 70, 0, 20, 0, 2, 0, 249, NULL),
(219, 'magcargo', 2, 218, 111, 8, 2, 4, 4, 75, 70, 0, 20, 0, 2, 0, 250, NULL),
(220, 'swinub', 2, NULL, 112, 3, 8, 1, 4, 225, 70, 0, 20, 0, 1, 0, 251, NULL),
(221, 'piloswine', 2, 220, 112, 3, 8, 1, 4, 75, 70, 0, 20, 1, 1, 0, 252, NULL),
(222, 'corsola', 2, NULL, 113, 6, 14, 7, 6, 60, 70, 0, 20, 0, 3, 0, 254, NULL),
(223, 'remoraid', 2, NULL, 114, 4, 3, 7, 4, 190, 70, 0, 20, 0, 2, 0, 255, NULL),
(224, 'octillery', 2, 223, 114, 8, 10, 7, 4, 75, 70, 0, 20, 1, 2, 0, 256, NULL),
(225, 'delibird', 2, NULL, 115, 8, 9, 4, 4, 45, 70, 0, 20, 0, 3, 0, 257, NULL),
(226, 'mantine', 2, 458, 116, 7, 9, 7, 4, 25, 70, 0, 25, 0, 1, 0, 259, NULL),
(227, 'skarmory', 2, NULL, 117, 4, 9, 6, 4, 25, 70, 0, 25, 0, 1, 0, 260, NULL),
(228, 'houndour', 2, NULL, 118, 1, 8, 6, 4, 120, 35, 0, 20, 0, 1, 0, 261, NULL),
(229, 'houndoom', 2, 228, 118, 1, 8, 6, 4, 45, 35, 0, 20, 1, 1, 1, 262, NULL),
(230, 'kingdra', 2, 117, 54, 2, 5, 7, 4, 45, 70, 0, 20, 0, 2, 0, 134, NULL),
(231, 'phanpy', 2, NULL, 119, 2, 8, 6, 4, 120, 70, 0, 20, 0, 2, 0, 263, NULL),
(232, 'donphan', 2, 231, 119, 4, 8, 6, 4, 60, 70, 0, 20, 1, 2, 0, 264, NULL),
(233, 'porygon2', 2, 137, 68, 8, 7, 8, -1, 45, 70, 0, 20, 0, 2, 0, 167, NULL),
(234, 'stantler', 2, NULL, 120, 3, 8, 2, 4, 45, 70, 0, 20, 0, 1, 0, 265, NULL),
(235, 'smeargle', 2, NULL, 121, 9, 6, 8, 4, 45, 70, 0, 20, 0, 3, 0, 266, NULL),
(236, 'tyrogue', 2, NULL, 47, 7, 12, 8, 0, 75, 70, 1, 25, 0, 2, 0, 115, NULL),
(237, 'hitmontop', 2, 236, 47, 3, 6, 8, 0, 45, 70, 0, 25, 0, 2, 0, 118, NULL),
(238, 'smoochum', 2, NULL, 59, 6, 12, 8, 8, 45, 70, 1, 25, 0, 2, 0, 143, NULL),
(239, 'elekid', 2, NULL, 60, 10, 12, 3, 2, 45, 70, 1, 25, 0, 2, 0, 145, NULL),
(240, 'magby', 2, NULL, 61, 8, 6, 4, 2, 45, 70, 1, 25, 0, 2, 0, 148, NULL),
(241, 'miltank', 2, NULL, 122, 6, 6, 3, 8, 45, 70, 0, 20, 0, 1, 0, 267, NULL),
(242, 'blissey', 2, 113, 51, 6, 12, 8, 8, 30, 140, 0, 40, 0, 3, 0, 128, NULL),
(243, 'raikou', 2, NULL, 123, 10, 8, 3, -1, 3, 35, 0, 80, 0, 1, 0, 268, NULL),
(244, 'entei', 2, NULL, 124, 3, 8, 3, -1, 3, 35, 0, 80, 0, 1, 0, 269, NULL),
(245, 'suicune', 2, NULL, 125, 2, 8, 3, -1, 3, 35, 0, 80, 0, 1, 0, 270, NULL),
(246, 'larvitar', 2, NULL, 126, 5, 6, 4, 4, 45, 35, 0, 40, 0, 1, 0, 271, 79),
(247, 'pupitar', 2, 246, 126, 4, 2, 4, 4, 45, 35, 0, 40, 0, 1, 0, 272, 80),
(248, 'tyranitar', 2, 247, 126, 5, 6, 4, 4, 45, 35, 0, 40, 0, 1, 1, 273, 81),
(249, 'lugia', 2, NULL, 127, 9, 9, 5, -1, 3, 0, 0, 120, 0, 1, 0, 274, NULL),
(250, 'ho-oh', 2, NULL, 128, 8, 9, 5, -1, 3, 0, 0, 120, 0, 1, 0, 275, NULL),
(251, 'celebi', 2, NULL, 129, 5, 12, 2, -1, 45, 100, 0, 120, 0, 4, 0, 276, NULL),
(252, 'treecko', 3, NULL, 130, 5, 6, 2, 1, 45, 70, 0, 20, 0, 4, 0, 277, 130),
(253, 'grovyle', 3, 252, 130, 5, 6, 2, 1, 45, 70, 0, 20, 0, 4, 0, 278, 131),
(254, 'sceptile', 3, 253, 130, 5, 6, 2, 1, 45, 70, 0, 20, 0, 4, 0, 279, 132),
(255, 'torchic', 3, NULL, 131, 8, 7, 3, 1, 45, 70, 0, 20, 1, 4, 0, 280, NULL),
(256, 'combusken', 3, 255, 131, 8, 6, 3, 1, 45, 70, 0, 20, 1, 4, 0, 281, NULL),
(257, 'blaziken', 3, 256, 131, 8, 6, 3, 1, 45, 70, 0, 20, 1, 4, 1, 282, NULL),
(258, 'mudkip', 3, NULL, 132, 2, 8, 9, 1, 45, 70, 0, 20, 0, 4, 0, 283, NULL),
(259, 'marshtomp', 3, 258, 132, 2, 6, 9, 1, 45, 70, 0, 20, 0, 4, 0, 284, NULL),
(260, 'swampert', 3, 259, 132, 2, 6, 9, 1, 45, 70, 0, 20, 0, 4, 0, 285, NULL),
(261, 'poochyena', 3, NULL, 133, 4, 8, 3, 4, 255, 70, 0, 15, 0, 2, 0, 286, NULL),
(262, 'mightyena', 3, 261, 133, 4, 8, 3, 4, 127, 70, 0, 15, 0, 2, 0, 287, NULL),
(263, 'zigzagoon', 3, NULL, 134, 3, 8, 3, 4, 255, 70, 0, 15, 0, 2, 0, 288, NULL),
(264, 'linoone', 3, 263, 134, 9, 8, 3, 4, 90, 70, 0, 15, 0, 2, 0, 289, NULL),
(265, 'wurmple', 3, NULL, 135, 8, 2, 2, 4, 255, 70, 0, 15, 0, 2, 0, 290, NULL),
(266, 'silcoon', 3, 265, 135, 9, 1, 2, 4, 120, 70, 0, 15, 0, 2, 0, 291, NULL),
(267, 'beautifly', 3, 266, 135, 10, 13, 2, 4, 45, 70, 0, 15, 1, 2, 0, 292, NULL),
(268, 'cascoon', 3, 265, 135, 7, 1, 2, 4, 120, 70, 0, 15, 0, 2, 0, 293, NULL),
(269, 'dustox', 3, 268, 135, 5, 13, 2, 4, 45, 70, 0, 15, 1, 2, 0, 294, NULL),
(270, 'lotad', 3, NULL, 136, 5, 14, 9, 4, 255, 70, 0, 15, 0, 4, 0, 295, NULL),
(271, 'lombre', 3, 270, 136, 5, 12, 9, 4, 120, 70, 0, 15, 0, 4, 0, 296, NULL),
(272, 'ludicolo', 3, 271, 136, 5, 12, 9, 4, 45, 70, 0, 15, 1, 4, 0, 297, NULL),
(273, 'seedot', 3, NULL, 137, 3, 7, 2, 4, 255, 70, 0, 15, 0, 4, 0, 298, NULL),
(274, 'nuzleaf', 3, 273, 137, 3, 12, 2, 4, 120, 70, 0, 15, 1, 4, 0, 299, NULL),
(275, 'shiftry', 3, 274, 137, 3, 12, 2, 4, 45, 70, 0, 15, 1, 4, 0, 300, NULL),
(276, 'taillow', 3, NULL, 138, 2, 9, 3, 4, 200, 70, 0, 15, 0, 4, 0, 301, NULL),
(277, 'swellow', 3, 276, 138, 2, 9, 3, 4, 45, 70, 0, 15, 0, 4, 0, 302, NULL),
(278, 'wingull', 3, NULL, 139, 9, 9, 7, 4, 190, 70, 0, 20, 0, 2, 0, 303, NULL),
(279, 'pelipper', 3, 278, 139, 10, 9, 7, 4, 45, 70, 0, 20, 0, 2, 0, 304, NULL),
(280, 'ralts', 3, NULL, 140, 9, 12, 8, 4, 235, 35, 0, 20, 0, 1, 0, 305, 9),
(281, 'kirlia', 3, 280, 140, 9, 12, 8, 4, 120, 35, 0, 20, 0, 1, 0, 306, 10),
(282, 'gardevoir', 3, 281, 140, 9, 12, 8, 4, 45, 35, 0, 20, 0, 1, 1, 307, 11),
(283, 'surskit', 3, NULL, 141, 2, 14, 9, 4, 200, 70, 0, 15, 0, 2, 0, 309, NULL),
(284, 'masquerain', 3, 283, 141, 2, 13, 9, 4, 75, 70, 0, 15, 0, 2, 0, 310, NULL),
(285, 'shroomish', 3, NULL, 142, 3, 7, 2, 4, 255, 70, 0, 15, 0, 6, 0, 311, NULL),
(286, 'breloom', 3, 285, 142, 5, 6, 2, 4, 90, 70, 0, 15, 0, 6, 0, 312, NULL),
(287, 'slakoth', 3, NULL, 143, 3, 8, 2, 4, 255, 70, 0, 15, 0, 1, 0, 313, NULL),
(288, 'vigoroth', 3, 287, 143, 9, 6, 2, 4, 120, 70, 0, 15, 0, 1, 0, 314, NULL),
(289, 'slaking', 3, 288, 143, 3, 12, 2, 4, 45, 70, 0, 15, 0, 1, 0, 315, NULL),
(290, 'nincada', 3, NULL, 144, 4, 14, 2, 4, 255, 70, 0, 15, 0, 5, 0, 316, NULL),
(291, 'ninjask', 3, 290, 144, 10, 13, 2, 4, 120, 70, 0, 15, 0, 5, 0, 317, NULL),
(292, 'shedinja', 3, 290, 144, 3, 5, 2, -1, 45, 70, 0, 15, 0, 5, 0, 318, NULL),
(293, 'whismur', 3, NULL, 145, 6, 6, 1, 4, 190, 70, 0, 20, 0, 4, 0, 319, NULL),
(294, 'loudred', 3, 293, 145, 2, 6, 1, 4, 120, 70, 0, 20, 0, 4, 0, 320, NULL),
(295, 'exploud', 3, 294, 145, 2, 6, 1, 4, 45, 70, 0, 20, 0, 4, 0, 321, NULL),
(296, 'makuhita', 3, NULL, 146, 10, 12, 4, 2, 180, 70, 0, 20, 0, 6, 0, 322, NULL),
(297, 'hariyama', 3, 296, 146, 3, 12, 4, 2, 200, 70, 0, 20, 0, 6, 0, 323, NULL),
(298, 'azurill', 3, NULL, 90, 2, 7, 9, 6, 150, 70, 1, 10, 0, 3, 0, 211, NULL),
(299, 'nosepass', 3, NULL, 147, 4, 12, 1, 4, 255, 70, 0, 20, 0, 2, 0, 324, NULL),
(300, 'skitty', 3, NULL, 148, 6, 8, 2, 6, 255, 70, 0, 15, 0, 3, 0, 326, NULL),
(301, 'delcatty', 3, 300, 148, 7, 8, 2, 6, 60, 70, 0, 15, 0, 3, 0, 327, NULL),
(302, 'sableye', 3, NULL, 149, 7, 12, 1, 4, 45, 35, 0, 25, 0, 4, 0, 328, NULL),
(303, 'mawile', 3, NULL, 150, 1, 12, 1, 4, 45, 70, 0, 20, 0, 3, 1, 329, NULL),
(304, 'aron', 3, NULL, 151, 4, 8, 4, 4, 180, 35, 0, 35, 0, 1, 0, 330, 149),
(305, 'lairon', 3, 304, 151, 4, 8, 4, 4, 90, 35, 0, 35, 0, 1, 0, 331, 150),
(306, 'aggron', 3, 305, 151, 4, 6, 4, 4, 45, 35, 0, 35, 0, 1, 1, 332, 151),
(307, 'meditite', 3, NULL, 152, 2, 12, 4, 4, 180, 70, 0, 20, 1, 2, 0, 333, NULL),
(308, 'medicham', 3, 307, 152, 8, 12, 4, 4, 90, 70, 0, 20, 1, 2, 1, 334, NULL),
(309, 'electrike', 3, NULL, 153, 5, 8, 3, 4, 120, 70, 0, 20, 0, 1, 0, 335, NULL),
(310, 'manectric', 3, 309, 153, 10, 8, 3, 4, 45, 70, 0, 20, 0, 1, 1, 336, NULL),
(311, 'plusle', 3, NULL, 154, 10, 6, 3, 4, 200, 70, 0, 20, 0, 2, 0, 337, NULL),
(312, 'minun', 3, NULL, 155, 10, 6, 3, 4, 200, 70, 0, 20, 0, 2, 0, 338, NULL),
(313, 'volbeat', 3, NULL, 156, 4, 6, 2, 0, 150, 70, 0, 15, 0, 5, 0, 339, NULL),
(314, 'illumise', 3, NULL, 157, 7, 12, 2, 8, 150, 70, 0, 15, 0, 6, 0, 340, NULL),
(315, 'roselia', 3, 406, 158, 5, 12, 3, 4, 150, 70, 0, 20, 1, 4, 0, 342, NULL),
(316, 'gulpin', 3, NULL, 159, 5, 4, 3, 4, 225, 70, 0, 20, 1, 6, 0, 344, NULL),
(317, 'swalot', 3, 316, 159, 7, 4, 3, 4, 75, 70, 0, 20, 1, 6, 0, 345, NULL),
(318, 'carvanha', 3, NULL, 160, 8, 3, 7, 4, 225, 35, 0, 20, 0, 1, 0, 346, NULL),
(319, 'sharpedo', 3, 318, 160, 2, 3, 7, 4, 60, 35, 0, 20, 0, 1, 0, 347, NULL),
(320, 'wailmer', 3, NULL, 161, 2, 3, 7, 4, 125, 70, 0, 40, 0, 6, 0, 348, NULL),
(321, 'wailord', 3, 320, 161, 2, 3, 7, 4, 60, 70, 0, 40, 0, 6, 0, 349, NULL),
(322, 'numel', 3, NULL, 162, 10, 8, 4, 4, 255, 70, 0, 20, 1, 2, 0, 350, NULL),
(323, 'camerupt', 3, 322, 162, 8, 8, 4, 4, 150, 70, 0, 20, 1, 2, 0, 351, NULL),
(324, 'torkoal', 3, NULL, 163, 3, 8, 4, 4, 90, 70, 0, 20, 0, 2, 0, 352, NULL),
(325, 'spoink', 3, NULL, 164, 1, 4, 4, 4, 255, 70, 0, 20, 0, 3, 0, 353, NULL),
(326, 'grumpig', 3, 325, 164, 7, 6, 4, 4, 60, 70, 0, 20, 0, 3, 0, 354, NULL),
(327, 'spinda', 3, NULL, 165, 3, 6, 4, 4, 255, 70, 0, 15, 0, 3, 0, 355, NULL),
(328, 'trapinch', 3, NULL, 166, 3, 14, 6, 4, 255, 70, 0, 20, 0, 4, 0, 356, NULL),
(329, 'vibrava', 3, 328, 166, 5, 13, 6, 4, 120, 70, 0, 20, 0, 4, 0, 357, NULL),
(330, 'flygon', 3, 329, 166, 5, 9, 6, 4, 45, 70, 0, 20, 0, 4, 0, 358, NULL),
(331, 'cacnea', 3, NULL, 167, 5, 12, 6, 4, 190, 35, 0, 20, 0, 4, 0, 359, NULL),
(332, 'cacturne', 3, 331, 167, 5, 12, 6, 4, 60, 35, 0, 20, 1, 4, 0, 360, NULL),
(333, 'swablu', 3, NULL, 168, 2, 9, 2, 4, 255, 70, 0, 20, 0, 5, 0, 361, NULL),
(334, 'altaria', 3, 333, 168, 2, 9, 2, 4, 45, 70, 0, 20, 0, 5, 0, 362, NULL),
(335, 'zangoose', 3, NULL, 169, 9, 6, 3, 4, 90, 70, 0, 20, 0, 5, 0, 363, NULL),
(336, 'seviper', 3, NULL, 170, 1, 2, 3, 4, 90, 70, 0, 20, 0, 6, 0, 364, NULL),
(337, 'lunatone', 3, NULL, 171, 10, 1, 1, -1, 45, 70, 0, 25, 0, 3, 0, 365, NULL),
(338, 'solrock', 3, NULL, 172, 8, 1, 1, -1, 45, 70, 0, 25, 0, 3, 0, 366, NULL),
(339, 'barboach', 3, NULL, 173, 4, 3, 9, 4, 190, 70, 0, 20, 0, 2, 0, 367, NULL),
(340, 'whiscash', 3, 339, 173, 2, 3, 9, 4, 75, 70, 0, 20, 0, 2, 0, 368, NULL),
(341, 'corphish', 3, NULL, 174, 8, 14, 9, 4, 205, 70, 0, 15, 0, 6, 0, 369, NULL),
(342, 'crawdaunt', 3, 341, 174, 8, 14, 9, 4, 155, 70, 0, 15, 0, 6, 0, 370, NULL),
(343, 'baltoy', 3, NULL, 175, 3, 4, 6, -1, 255, 70, 0, 20, 0, 2, 0, 371, NULL),
(344, 'claydol', 3, 343, 175, 1, 4, 6, -1, 90, 70, 0, 20, 0, 2, 0, 372, NULL),
(345, 'lileep', 3, NULL, 176, 7, 5, 7, 1, 45, 70, 0, 30, 0, 5, 0, 373, NULL),
(346, 'cradily', 3, 345, 176, 5, 5, 7, 1, 45, 70, 0, 30, 0, 5, 0, 374, NULL),
(347, 'anorith', 3, NULL, 177, 4, 14, 9, 1, 45, 70, 0, 30, 0, 5, 0, 375, 171),
(348, 'armaldo', 3, 347, 177, 4, 6, 9, 1, 45, 70, 0, 30, 0, 5, 0, 376, 172),
(349, 'feebas', 3, NULL, 178, 3, 3, 9, 4, 255, 70, 0, 20, 0, 5, 0, 377, NULL),
(350, 'milotic', 3, 349, 178, 6, 2, 9, 4, 60, 70, 0, 20, 1, 5, 0, 378, NULL),
(351, 'castform', 3, NULL, 179, 9, 1, 3, 4, 45, 70, 0, 25, 0, 2, 1, 379, NULL),
(352, 'kecleon', 3, NULL, 180, 5, 6, 2, 4, 200, 70, 0, 20, 0, 4, 0, 380, NULL),
(353, 'shuppet', 3, NULL, 181, 1, 1, 8, 4, 225, 35, 0, 25, 0, 3, 0, 381, NULL),
(354, 'banette', 3, 353, 181, 1, 6, 8, 4, 45, 35, 0, 25, 0, 3, 1, 382, NULL),
(355, 'duskull', 3, NULL, 182, 1, 4, 2, 4, 190, 35, 0, 25, 0, 3, 0, 383, 69),
(356, 'dusclops', 3, 355, 182, 1, 12, 2, 4, 90, 35, 0, 25, 0, 3, 0, 384, 70),
(357, 'tropius', 3, NULL, 183, 5, 8, 2, 4, 200, 70, 0, 25, 0, 1, 0, 386, NULL),
(358, 'chimecho', 3, 433, 184, 2, 4, 3, 4, 45, 70, 0, 25, 0, 3, 0, 388, 53),
(359, 'absol', 3, NULL, 185, 9, 8, 4, 4, 30, 35, 0, 25, 0, 4, 1, 389, NULL),
(360, 'wynaut', 3, NULL, 100, 2, 6, 1, 4, 125, 70, 1, 20, 0, 2, 0, 232, NULL),
(361, 'snorunt', 3, NULL, 186, 4, 12, 1, 4, 190, 70, 0, 20, 0, 2, 0, 390, 93),
(362, 'glalie', 3, 361, 186, 4, 1, 1, 4, 75, 70, 0, 20, 0, 2, 0, 391, 94),
(363, 'spheal', 3, NULL, 187, 2, 3, 7, 4, 255, 70, 0, 20, 0, 4, 0, 393, 60),
(364, 'sealeo', 3, 363, 187, 2, 3, 7, 4, 120, 70, 0, 20, 0, 4, 0, 394, 61),
(365, 'walrein', 3, 364, 187, 2, 8, 7, 4, 45, 70, 0, 20, 0, 4, 0, 395, 62),
(366, 'clamperl', 3, NULL, 188, 2, 1, 7, 4, 255, 70, 0, 20, 0, 5, 0, 396, NULL),
(367, 'huntail', 3, 366, 188, 2, 2, 7, 4, 60, 70, 0, 20, 0, 5, 0, 397, NULL),
(368, 'gorebyss', 3, 366, 188, 6, 2, 7, 4, 60, 70, 0, 20, 0, 5, 0, 398, NULL),
(369, 'relicanth', 3, NULL, 189, 4, 3, 7, 1, 25, 70, 0, 40, 1, 1, 0, 399, NULL),
(370, 'luvdisc', 3, NULL, 190, 6, 3, 7, 6, 225, 70, 0, 20, 0, 3, 0, 400, NULL),
(371, 'bagon', 3, NULL, 191, 2, 12, 6, 4, 45, 35, 0, 40, 0, 1, 0, 401, NULL),
(372, 'shelgon', 3, 371, 191, 9, 8, 6, 4, 45, 35, 0, 40, 0, 1, 0, 402, NULL),
(373, 'salamence', 3, 372, 191, 2, 8, 6, 4, 45, 35, 0, 40, 0, 1, 0, 403, NULL),
(374, 'beldum', 3, NULL, 192, 2, 5, 6, -1, 3, 35, 0, 40, 0, 1, 0, 404, 82),
(375, 'metang', 3, 374, 192, 2, 4, 6, -1, 3, 35, 0, 40, 0, 1, 0, 405, 83),
(376, 'metagross', 3, 375, 192, 2, 11, 6, -1, 3, 35, 0, 40, 0, 1, 0, 406, 84),
(377, 'regirock', 3, NULL, 193, 3, 12, 1, -1, 3, 35, 0, 80, 0, 1, 0, 407, NULL),
(378, 'regice', 3, NULL, 194, 2, 12, 1, -1, 3, 35, 0, 80, 0, 1, 0, 408, NULL),
(379, 'registeel', 3, NULL, 195, 4, 12, 1, -1, 3, 35, 0, 80, 0, 1, 0, 409, 193),
(380, 'latias', 3, NULL, 196, 8, 9, 9, 8, 3, 90, 0, 120, 0, 1, 0, 410, NULL),
(381, 'latios', 3, NULL, 197, 2, 9, 9, 0, 3, 90, 0, 120, 0, 1, 0, 411, NULL),
(382, 'kyogre', 3, NULL, 198, 2, 3, 7, -1, 5, 0, 0, 120, 0, 1, 0, 412, NULL),
(383, 'groudon', 3, NULL, 199, 8, 6, 6, -1, 5, 0, 0, 120, 0, 1, 0, 413, 194),
(384, 'rayquaza', 3, NULL, 200, 5, 2, 5, -1, 3, 0, 0, 120, 0, 1, 0, 414, 200),
(385, 'jirachi', 3, NULL, 201, 10, 12, 4, -1, 3, 100, 0, 120, 0, 1, 0, 415, NULL),
(386, 'deoxys', 3, NULL, 202, 8, 12, 5, -1, 3, 0, 0, 120, 0, 1, 1, 416, NULL),
(387, 'turtwig', 4, NULL, 203, 5, 8, NULL, 1, 45, 70, 0, 20, 0, 4, 0, 417, NULL),
(388, 'grotle', 4, 387, 203, 5, 8, NULL, 1, 45, 70, 0, 20, 0, 4, 0, 418, NULL),
(389, 'torterra', 4, 388, 203, 5, 8, NULL, 1, 45, 70, 0, 20, 0, 4, 0, 419, NULL),
(390, 'chimchar', 4, NULL, 204, 3, 6, NULL, 1, 45, 70, 0, 20, 0, 4, 0, 420, 115),
(391, 'monferno', 4, 390, 204, 3, 6, NULL, 1, 45, 70, 0, 20, 0, 4, 0, 421, 116),
(392, 'infernape', 4, 391, 204, 3, 6, NULL, 1, 45, 70, 0, 20, 0, 4, 0, 422, 117),
(393, 'piplup', 4, NULL, 205, 2, 12, NULL, 1, 45, 70, 0, 20, 0, 4, 0, 423, 133),
(394, 'prinplup', 4, 393, 205, 2, 6, NULL, 1, 45, 70, 0, 20, 0, 4, 0, 424, 134),
(395, 'empoleon', 4, 394, 205, 2, 6, NULL, 1, 45, 70, 0, 20, 0, 4, 0, 425, 135),
(396, 'starly', 4, NULL, 206, 3, 9, NULL, 4, 255, 70, 0, 15, 1, 4, 0, 426, 26),
(397, 'staravia', 4, 396, 206, 3, 9, NULL, 4, 120, 70, 0, 15, 1, 4, 0, 427, 27),
(398, 'staraptor', 4, 397, 206, 3, 9, NULL, 4, 45, 70, 0, 15, 1, 4, 0, 428, 28),
(399, 'bidoof', 4, NULL, 207, 3, 8, NULL, 4, 255, 70, 0, 15, 1, 2, 0, 429, 29),
(400, 'bibarel', 4, 399, 207, 3, 6, NULL, 4, 127, 70, 0, 15, 1, 2, 0, 430, 30),
(401, 'kricketot', 4, NULL, 208, 8, 12, NULL, 4, 255, 70, 0, 15, 1, 4, 0, 431, NULL),
(402, 'kricketune', 4, 401, 208, 8, 13, NULL, 4, 45, 70, 0, 15, 1, 4, 0, 432, NULL),
(403, 'shinx', 4, NULL, 209, 2, 8, NULL, 4, 235, 70, 0, 20, 1, 4, 0, 433, 34),
(404, 'luxio', 4, 403, 209, 2, 8, NULL, 4, 120, 100, 0, 20, 1, 4, 0, 434, 35),
(405, 'luxray', 4, 404, 209, 2, 8, NULL, 4, 45, 70, 0, 20, 1, 4, 0, 435, 36),
(406, 'budew', 4, NULL, 158, 5, 12, NULL, 4, 255, 70, 1, 20, 0, 4, 0, 341, NULL),
(407, 'roserade', 4, 315, 158, 5, 12, NULL, 4, 75, 70, 0, 20, 1, 4, 0, 343, NULL),
(408, 'cranidos', 4, NULL, 211, 2, 6, NULL, 1, 45, 70, 0, 30, 0, 5, 0, 436, NULL),
(409, 'rampardos', 4, 408, 211, 2, 6, NULL, 1, 45, 70, 0, 30, 0, 5, 0, 437, NULL),
(410, 'shieldon', 4, NULL, 212, 4, 8, NULL, 1, 45, 70, 0, 30, 0, 5, 0, 438, 163),
(411, 'bastiodon', 4, 410, 212, 4, 8, NULL, 1, 45, 70, 0, 30, 0, 5, 0, 439, 164),
(412, 'burmy', 4, NULL, 213, 4, 2, NULL, 4, 120, 70, 0, 15, 0, 2, 1, 440, NULL),
(413, 'wormadam', 4, 412, 213, 4, 2, NULL, 8, 45, 70, 0, 15, 0, 2, 0, 441, NULL),
(414, 'mothim', 4, 412, 213, 10, 13, NULL, 0, 45, 70, 0, 15, 0, 2, 0, 442, NULL),
(415, 'combee', 4, NULL, 214, 10, 11, NULL, 1, 120, 70, 0, 15, 1, 4, 0, 443, NULL),
(416, 'vespiquen', 4, 415, 214, 10, 9, NULL, 8, 45, 70, 0, 15, 0, 4, 0, 444, NULL),
(417, 'pachirisu', 4, NULL, 215, 9, 8, NULL, 4, 200, 100, 0, 10, 1, 2, 0, 445, NULL),
(418, 'buizel', 4, NULL, 216, 3, 8, NULL, 4, 190, 70, 0, 20, 1, 2, 0, 446, NULL),
(419, 'floatzel', 4, 418, 216, 3, 8, NULL, 4, 75, 70, 0, 20, 1, 2, 0, 447, NULL),
(420, 'cherubi', 4, NULL, 217, 6, 11, NULL, 4, 190, 70, 0, 20, 0, 2, 0, 448, NULL),
(421, 'cherrim', 4, 420, 217, 6, 7, NULL, 4, 75, 70, 0, 20, 0, 2, 1, 449, NULL),
(422, 'shellos', 4, NULL, 218, 7, 14, NULL, 4, 190, 70, 0, 20, 0, 2, 0, 450, NULL),
(423, 'gastrodon', 4, 422, 218, 7, 14, NULL, 4, 75, 70, 0, 20, 0, 2, 0, 451, NULL),
(424, 'ambipom', 4, 190, 93, 7, 6, NULL, 4, 45, 100, 0, 20, 1, 3, 0, 220, NULL),
(425, 'drifloon', 4, NULL, 219, 7, 4, NULL, 4, 125, 70, 0, 30, 0, 6, 0, 452, 167),
(426, 'drifblim', 4, 425, 219, 7, 4, NULL, 4, 60, 70, 0, 30, 0, 6, 0, 453, 168),
(427, 'buneary', 4, NULL, 220, 3, 6, NULL, 4, 190, 0, 0, 20, 0, 2, 0, 454, NULL),
(428, 'lopunny', 4, 427, 220, 3, 6, NULL, 4, 60, 140, 0, 20, 0, 2, 0, 455, NULL),
(429, 'mismagius', 4, 200, 98, 7, 1, NULL, 4, 45, 35, 0, 25, 0, 3, 0, 230, 184),
(430, 'honchkrow', 4, 198, 97, 1, 9, NULL, 4, 30, 35, 0, 20, 0, 4, 0, 228, NULL),
(431, 'glameow', 4, NULL, 221, 4, 8, NULL, 6, 190, 70, 0, 20, 0, 3, 0, 456, NULL),
(432, 'purugly', 4, 431, 221, 4, 8, NULL, 6, 75, 70, 0, 20, 0, 3, 0, 457, NULL),
(433, 'chingling', 4, NULL, 184, 10, 12, NULL, 4, 120, 70, 1, 25, 0, 3, 0, 387, 52),
(434, 'stunky', 4, NULL, 223, 7, 8, NULL, 4, 225, 70, 0, 20, 0, 2, 0, 458, NULL),
(435, 'skuntank', 4, 434, 223, 7, 8, NULL, 4, 60, 70, 0, 20, 0, 2, 0, 459, NULL),
(436, 'bronzor', 4, NULL, 224, 5, 1, NULL, -1, 255, 70, 0, 20, 0, 2, 0, 460, NULL),
(437, 'bronzong', 4, 436, 224, 5, 4, NULL, -1, 90, 70, 0, 20, 0, 2, 0, 461, NULL),
(438, 'bonsly', 4, NULL, 91, 3, 7, NULL, 4, 255, 70, 1, 20, 0, 2, 0, 214, NULL),
(439, 'mime-jr', 4, NULL, 57, 6, 12, NULL, 4, 145, 70, 1, 25, 0, 2, 0, 139, NULL),
(440, 'happiny', 4, NULL, 51, 6, 12, NULL, 8, 130, 140, 1, 40, 0, 3, 0, 126, NULL),
(441, 'chatot', 4, NULL, 228, 1, 9, NULL, 4, 30, 35, 0, 20, 0, 4, 0, 462, NULL),
(442, 'spiritomb', 4, NULL, 229, 7, 5, NULL, 4, 100, 70, 0, 30, 0, 2, 0, 463, 187),
(443, 'gible', 4, NULL, 230, 2, 6, NULL, 4, 45, 70, 0, 40, 1, 1, 0, 464, 85),
(444, 'gabite', 4, 443, 230, 2, 6, NULL, 4, 45, 70, 0, 40, 1, 1, 0, 465, 86),
(445, 'garchomp', 4, 444, 230, 2, 6, NULL, 4, 45, 70, 0, 40, 1, 1, 1, 466, 87),
(446, 'munchlax', 4, NULL, 72, 1, 12, NULL, 1, 50, 70, 1, 40, 0, 1, 0, 174, 178),
(447, 'riolu', 4, NULL, 232, 2, 6, NULL, 1, 75, 70, 1, 25, 0, 4, 0, 467, 50),
(448, 'lucario', 4, 447, 232, 2, 6, NULL, 1, 45, 70, 0, 25, 0, 4, 1, 468, 51),
(449, 'hippopotas', 4, NULL, 233, 3, 8, NULL, 4, 140, 70, 0, 30, 1, 1, 0, 469, NULL),
(450, 'hippowdon', 4, 449, 233, 3, 8, NULL, 4, 60, 70, 0, 30, 1, 1, 0, 470, NULL),
(451, 'skorupi', 4, NULL, 234, 7, 14, NULL, 4, 120, 70, 0, 20, 0, 1, 0, 471, 156),
(452, 'drapion', 4, 451, 234, 7, 14, NULL, 4, 45, 70, 0, 20, 0, 1, 0, 472, 157),
(453, 'croagunk', 4, NULL, 235, 2, 12, NULL, 4, 140, 100, 0, 10, 1, 2, 0, 473, 88),
(454, 'toxicroak', 4, 453, 235, 2, 12, NULL, 4, 75, 70, 0, 20, 1, 2, 0, 474, 89),
(455, 'carnivine', 4, NULL, 236, 5, 10, NULL, 4, 200, 70, 0, 25, 0, 1, 0, 475, 186),
(456, 'finneon', 4, NULL, 237, 2, 3, NULL, 4, 190, 70, 0, 20, 1, 5, 0, 476, NULL),
(457, 'lumineon', 4, 456, 237, 2, 3, NULL, 4, 75, 70, 0, 20, 1, 5, 0, 477, NULL),
(458, 'mantyke', 4, NULL, 116, 2, 9, NULL, 4, 25, 70, 1, 25, 0, 1, 0, 258, NULL),
(459, 'snover', 4, NULL, 239, 9, 6, NULL, 4, 120, 70, 0, 20, 1, 1, 0, 478, NULL),
(460, 'abomasnow', 4, 459, 239, 9, 6, NULL, 4, 60, 70, 0, 20, 1, 1, 1, 479, NULL),
(461, 'weavile', 4, 215, 109, 1, 6, NULL, 4, 45, 35, 0, 20, 1, 4, 0, 246, 182),
(462, 'magnezone', 4, 82, 34, 4, 4, NULL, -1, 30, 70, 0, 20, 0, 2, 0, 90, NULL),
(463, 'lickilicky', 4, 108, 48, 6, 12, NULL, 4, 30, 70, 0, 20, 0, 2, 0, 120, NULL),
(464, 'rhyperior', 4, 112, 50, 4, 6, NULL, 4, 30, 70, 0, 20, 1, 1, 0, 125, 162),
(465, 'tangrowth', 4, 114, 52, 2, 12, NULL, 4, 30, 70, 0, 20, 1, 2, 0, 130, NULL),
(466, 'electivire', 4, 125, 60, 10, 6, NULL, 2, 30, 70, 0, 25, 0, 2, 0, 147, NULL),
(467, 'magmortar', 4, 126, 61, 8, 6, NULL, 2, 30, 70, 0, 25, 0, 2, 0, 150, NULL),
(468, 'togekiss', 4, 176, 87, 9, 9, NULL, 1, 30, 70, 0, 10, 0, 3, 0, 205, NULL),
(469, 'yanmega', 4, 193, 95, 5, 13, NULL, 4, 30, 70, 0, 20, 0, 2, 0, 224, NULL),
(470, 'leafeon', 4, 133, 67, 5, 8, NULL, 1, 45, 35, 0, 35, 0, 2, 0, 163, 7),
(471, 'glaceon', 4, 133, 67, 2, 8, NULL, 1, 45, 35, 0, 35, 0, 2, 0, 164, 8),
(472, 'gliscor', 4, 207, 104, 7, 9, NULL, 4, 30, 70, 0, 20, 0, 4, 0, 239, NULL),
(473, 'mamoswine', 4, 221, 112, 3, 8, NULL, 4, 50, 70, 0, 20, 1, 1, 0, 253, NULL),
(474, 'porygon-z', 4, 233, 68, 8, 4, NULL, -1, 30, 70, 0, 20, 0, 2, 0, 168, NULL),
(475, 'gallade', 4, 281, 140, 9, 12, NULL, 0, 45, 35, 0, 20, 0, 1, 0, 308, 12),
(476, 'probopass', 4, 299, 147, 4, 11, NULL, 4, 60, 70, 0, 20, 0, 2, 0, 325, NULL),
(477, 'dusknoir', 4, 356, 182, 1, 4, NULL, 4, 45, 35, 0, 25, 0, 3, 0, 385, 71),
(478, 'froslass', 4, 361, 186, 9, 4, NULL, 8, 75, 70, 0, 20, 0, 2, 0, 392, 95),
(479, 'rotom', 4, NULL, 240, 8, 1, NULL, -1, 45, 70, 0, 20, 0, 2, 1, 480, NULL),
(480, 'uxie', 4, NULL, 241, 10, 6, NULL, -1, 3, 140, 0, 80, 0, 1, 0, 481, NULL),
(481, 'mesprit', 4, NULL, 242, 6, 6, NULL, -1, 3, 140, 0, 80, 0, 1, 0, 482, NULL),
(482, 'azelf', 4, NULL, 243, 2, 6, NULL, -1, 3, 140, 0, 80, 0, 1, 0, 483, NULL),
(483, 'dialga', 4, NULL, 244, 9, 8, NULL, -1, 30, 0, 0, 120, 0, 1, 0, 484, 195),
(484, 'palkia', 4, NULL, 245, 7, 6, NULL, -1, 30, 0, 0, 120, 0, 1, 0, 485, NULL),
(485, 'heatran', 4, NULL, 246, 3, 8, NULL, 4, 3, 100, 0, 10, 0, 1, 0, 486, NULL),
(486, 'regigigas', 4, NULL, 247, 9, 12, NULL, -1, 3, 0, 0, 120, 0, 1, 0, 487, NULL),
(487, 'giratina', 4, NULL, 248, 1, 10, NULL, -1, 3, 0, 0, 120, 0, 1, 1, 488, NULL),
(488, 'cresselia', 4, NULL, 249, 10, 14, NULL, 8, 3, 100, 0, 120, 0, 1, 0, 489, NULL),
(489, 'phione', 4, NULL, 250, 2, 4, NULL, -1, 30, 70, 0, 40, 0, 1, 0, 490, NULL),
(490, 'manaphy', 4, NULL, 250, 2, 12, NULL, -1, 3, 70, 0, 10, 0, 1, 0, 491, NULL),
(491, 'darkrai', 4, NULL, 252, 1, 12, NULL, -1, 3, 0, 0, 120, 0, 1, 0, 492, NULL),
(492, 'shaymin', 4, NULL, 253, 5, 8, NULL, -1, 45, 100, 0, 120, 0, 4, 1, 493, NULL),
(493, 'arceus', 4, NULL, 254, 4, 8, NULL, -1, 3, 0, 0, 120, 0, 1, 1, 494, 199),
(494, 'victini', 5, NULL, 255, 10, 12, NULL, -1, 3, 100, 0, 120, 0, 1, 0, 495, NULL),
(495, 'snivy', 5, NULL, 256, 5, 6, NULL, 1, 45, 70, 0, 20, 0, 4, 0, 496, 118),
(496, 'servine', 5, 495, 256, 5, 6, NULL, 1, 45, 70, 0, 20, 0, 4, 0, 497, 119),
(497, 'serperior', 5, 496, 256, 5, 2, NULL, 1, 45, 70, 0, 20, 0, 4, 0, 498, 120),
(498, 'tepig', 5, NULL, 257, 8, 8, NULL, 1, 45, 70, 0, 20, 0, 4, 0, 499, 121),
(499, 'pignite', 5, 498, 257, 8, 6, NULL, 1, 45, 70, 0, 20, 0, 4, 0, 500, 122),
(500, 'emboar', 5, 499, 257, 8, 6, NULL, 1, 45, 70, 0, 20, 0, 4, 0, 501, 123),
(501, 'oshawott', 5, NULL, 258, 2, 6, NULL, 1, 45, 70, 0, 20, 0, 4, 0, 502, 106),
(502, 'dewott', 5, 501, 258, 2, 6, NULL, 1, 45, 70, 0, 20, 0, 4, 0, 503, 107),
(503, 'samurott', 5, 502, 258, 2, 8, NULL, 1, 45, 70, 0, 20, 0, 4, 0, 504, 108),
(504, 'patrat', 5, NULL, 259, 3, 8, NULL, 4, 255, 70, 0, 15, 0, 2, 0, 505, NULL),
(505, 'watchog', 5, 504, 259, 3, 6, NULL, 4, 255, 70, 0, 20, 0, 2, 0, 506, NULL),
(506, 'lillipup', 5, NULL, 260, 3, 8, NULL, 4, 255, 70, 0, 15, 0, 4, 0, 507, NULL),
(507, 'herdier', 5, 506, 260, 4, 8, NULL, 4, 120, 70, 0, 15, 0, 4, 0, 508, NULL),
(508, 'stoutland', 5, 507, 260, 4, 8, NULL, 4, 45, 70, 0, 15, 0, 4, 0, 509, NULL),
(509, 'purrloin', 5, NULL, 261, 7, 8, NULL, 4, 255, 70, 0, 20, 0, 2, 0, 510, NULL),
(510, 'liepard', 5, 509, 261, 7, 8, NULL, 4, 90, 70, 0, 20, 0, 2, 0, 511, NULL),
(511, 'pansage', 5, NULL, 262, 5, 6, NULL, 1, 190, 70, 0, 20, 0, 2, 0, 512, 136),
(512, 'simisage', 5, 511, 262, 5, 6, NULL, 1, 75, 70, 0, 20, 0, 2, 0, 513, 137),
(513, 'pansear', 5, NULL, 263, 8, 6, NULL, 1, 190, 70, 0, 20, 0, 2, 0, 514, 138),
(514, 'simisear', 5, 513, 263, 8, 6, NULL, 1, 75, 70, 0, 20, 0, 2, 0, 515, 139),
(515, 'panpour', 5, NULL, 264, 2, 6, NULL, 1, 190, 70, 0, 20, 0, 2, 0, 516, 140),
(516, 'simipour', 5, 515, 264, 2, 6, NULL, 1, 75, 70, 0, 20, 0, 2, 0, 517, 141),
(517, 'munna', 5, NULL, 265, 6, 8, NULL, 4, 190, 70, 0, 10, 0, 3, 0, 518, 72),
(518, 'musharna', 5, 517, 265, 6, 12, NULL, 4, 75, 70, 0, 10, 0, 3, 0, 519, 73),
(519, 'pidove', 5, NULL, 266, 4, 9, NULL, 4, 255, 70, 0, 15, 0, 4, 0, 520, NULL),
(520, 'tranquill', 5, 519, 266, 4, 9, NULL, 4, 120, 70, 0, 15, 0, 4, 0, 521, NULL),
(521, 'unfezant', 5, 520, 266, 4, 9, NULL, 4, 45, 70, 0, 15, 1, 4, 0, 522, NULL),
(522, 'blitzle', 5, NULL, 267, 1, 8, NULL, 4, 190, 70, 0, 20, 0, 2, 0, 523, 74),
(523, 'zebstrika', 5, 522, 267, 1, 8, NULL, 4, 75, 70, 0, 20, 0, 2, 0, 524, 75),
(524, 'roggenrola', 5, NULL, 268, 2, 7, NULL, 4, 255, 70, 0, 15, 0, 4, 0, 525, 40),
(525, 'boldore', 5, 524, 268, 2, 10, NULL, 4, 120, 70, 0, 15, 0, 4, 0, 526, 41),
(526, 'gigalith', 5, 525, 268, 2, 10, NULL, 4, 45, 70, 0, 15, 0, 4, 0, 527, 42),
(527, 'woobat', 5, NULL, 269, 2, 9, NULL, 4, 190, 70, 0, 15, 0, 2, 0, 528, NULL),
(528, 'swoobat', 5, 527, 269, 2, 9, NULL, 4, 45, 70, 0, 15, 0, 2, 0, 529, NULL),
(529, 'drilbur', 5, NULL, 270, 4, 6, NULL, 4, 120, 70, 0, 20, 0, 2, 0, 530, 152),
(530, 'excadrill', 5, 529, 270, 4, 12, NULL, 4, 60, 70, 0, 20, 0, 2, 0, 531, 153),
(531, 'audino', 5, NULL, 271, 6, 6, NULL, 4, 255, 70, 0, 20, 0, 3, 0, 532, 185),
(532, 'timburr', 5, NULL, 272, 4, 12, NULL, 2, 180, 70, 0, 20, 0, 4, 0, 533, 101),
(533, 'gurdurr', 5, 532, 272, 4, 12, NULL, 2, 90, 70, 0, 20, 0, 4, 0, 534, 102),
(534, 'conkeldurr', 5, 533, 272, 3, 12, NULL, 2, 45, 70, 0, 20, 0, 4, 0, 535, 103),
(535, 'tympole', 5, NULL, 273, 2, 3, NULL, 4, 255, 70, 0, 20, 0, 4, 0, 536, NULL),
(536, 'palpitoad', 5, 535, 273, 2, 6, NULL, 4, 120, 70, 0, 20, 0, 4, 0, 537, NULL),
(537, 'seismitoad', 5, 536, 273, 2, 12, NULL, 4, 45, 70, 0, 20, 0, 4, 0, 538, NULL),
(538, 'throh', 5, NULL, 274, 8, 12, NULL, 0, 45, 70, 0, 20, 0, 2, 0, 539, NULL),
(539, 'sawk', 5, NULL, 275, 2, 12, NULL, 0, 45, 70, 0, 20, 0, 2, 0, 540, NULL),
(540, 'sewaddle', 5, NULL, 276, 10, 14, NULL, 4, 255, 70, 0, 15, 0, 4, 0, 541, 124),
(541, 'swadloon', 5, 540, 276, 5, 4, NULL, 4, 120, 70, 0, 15, 0, 4, 0, 542, 125),
(542, 'leavanny', 5, 541, 276, 10, 12, NULL, 4, 45, 70, 0, 15, 0, 4, 0, 543, 126),
(543, 'venipede', 5, NULL, 277, 8, 14, NULL, 4, 255, 70, 0, 15, 0, 4, 0, 544, 31),
(544, 'whirlipede', 5, 543, 277, 4, 1, NULL, 4, 120, 70, 0, 15, 0, 4, 0, 545, 32),
(545, 'scolipede', 5, 544, 277, 8, 14, NULL, 4, 45, 70, 0, 20, 0, 4, 0, 546, 33),
(546, 'cottonee', 5, NULL, 278, 5, 1, NULL, 4, 190, 70, 0, 20, 0, 2, 0, 547, 48),
(547, 'whimsicott', 5, 546, 278, 5, 12, NULL, 4, 75, 70, 0, 20, 0, 2, 0, 548, 49),
(548, 'petilil', 5, NULL, 279, 5, 5, NULL, 8, 190, 70, 0, 20, 0, 2, 0, 549, 43),
(549, 'lilligant', 5, 548, 279, 5, 5, NULL, 8, 75, 70, 0, 20, 0, 2, 0, 550, 44),
(550, 'basculin', 5, NULL, 280, 5, 3, NULL, 4, 25, 70, 0, 40, 0, 2, 0, 551, NULL),
(551, 'sandile', 5, NULL, 281, 3, 8, NULL, 4, 180, 70, 0, 20, 0, 4, 0, 552, 66),
(552, 'krokorok', 5, 551, 281, 3, 8, NULL, 4, 90, 70, 0, 20, 0, 4, 0, 553, 67),
(553, 'krookodile', 5, 552, 281, 8, 6, NULL, 4, 45, 70, 0, 20, 0, 4, 0, 554, 68),
(554, 'darumaka', 5, NULL, 282, 8, 12, NULL, 4, 120, 70, 0, 20, 0, 4, 0, 555, 142),
(555, 'darmanitan', 5, 554, 282, 8, 8, NULL, 4, 60, 70, 0, 20, 0, 4, 1, 556, 143),
(556, 'maractus', 5, NULL, 283, 5, 5, NULL, 4, 255, 70, 0, 20, 0, 2, 0, 557, NULL),
(557, 'dwebble', 5, NULL, 284, 8, 14, NULL, 4, 190, 70, 0, 20, 0, 2, 0, 558, NULL),
(558, 'crustle', 5, 557, 284, 8, 14, NULL, 4, 75, 70, 0, 20, 0, 2, 0, 559, NULL),
(559, 'scraggy', 5, NULL, 285, 10, 6, NULL, 4, 180, 35, 0, 15, 0, 2, 0, 560, 165),
(560, 'scrafty', 5, 559, 285, 8, 6, NULL, 4, 90, 70, 0, 15, 0, 2, 0, 561, 166),
(561, 'sigilyph', 5, NULL, 286, 1, 9, NULL, 4, 45, 70, 0, 20, 0, 2, 0, 562, NULL),
(562, 'yamask', 5, NULL, 287, 1, 4, NULL, 4, 190, 70, 0, 25, 0, 2, 0, 563, NULL),
(563, 'cofagrigus', 5, 562, 287, 10, 5, NULL, 4, 90, 70, 0, 25, 0, 2, 0, 564, NULL),
(564, 'tirtouga', 5, NULL, 288, 2, 8, NULL, 1, 45, 70, 0, 30, 0, 2, 0, 565, NULL),
(565, 'carracosta', 5, 564, 288, 2, 6, NULL, 1, 45, 70, 0, 30, 0, 2, 0, 566, NULL),
(566, 'archen', 5, NULL, 289, 10, 9, NULL, 1, 45, 70, 0, 30, 0, 2, 0, 567, NULL),
(567, 'archeops', 5, 566, 289, 10, 9, NULL, 1, 45, 70, 0, 30, 0, 2, 0, 568, NULL),
(568, 'trubbish', 5, NULL, 290, 5, 12, NULL, 4, 190, 70, 0, 20, 0, 2, 0, 569, NULL),
(569, 'garbodor', 5, 568, 290, 5, 12, NULL, 4, 60, 70, 0, 20, 0, 2, 0, 570, NULL),
(570, 'zorua', 5, NULL, 291, 4, 8, NULL, 1, 75, 70, 0, 25, 0, 4, 0, 571, 154),
(571, 'zoroark', 5, 570, 291, 4, 6, NULL, 1, 45, 70, 0, 20, 0, 4, 0, 572, 155),
(572, 'minccino', 5, NULL, 292, 4, 8, NULL, 6, 255, 70, 0, 15, 0, 3, 0, 573, 96),
(573, 'cinccino', 5, 572, 292, 4, 8, NULL, 6, 60, 70, 0, 15, 0, 3, 0, 574, 97),
(574, 'gothita', 5, NULL, 293, 7, 12, NULL, 6, 200, 70, 0, 20, 0, 4, 0, 575, 63),
(575, 'gothorita', 5, 574, 293, 7, 12, NULL, 6, 100, 70, 0, 20, 0, 4, 0, 576, 64),
(576, 'gothitelle', 5, 575, 293, 7, 12, NULL, 6, 50, 70, 0, 20, 0, 4, 0, 577, 65),
(577, 'solosis', 5, NULL, 294, 5, 1, NULL, 4, 200, 70, 0, 20, 0, 4, 0, 578, NULL),
(578, 'duosion', 5, 577, 294, 5, 1, NULL, 4, 100, 70, 0, 20, 0, 4, 0, 579, NULL),
(579, 'reuniclus', 5, 578, 294, 5, 4, NULL, 4, 50, 70, 0, 20, 0, 4, 0, 580, NULL),
(580, 'ducklett', 5, NULL, 295, 2, 9, NULL, 4, 190, 70, 0, 20, 0, 2, 0, 581, NULL),
(581, 'swanna', 5, 580, 295, 9, 9, NULL, 4, 45, 70, 0, 20, 0, 2, 0, 582, NULL),
(582, 'vanillite', 5, NULL, 296, 9, 5, NULL, 4, 255, 70, 0, 20, 0, 1, 0, 583, NULL),
(583, 'vanillish', 5, 582, 296, 9, 5, NULL, 4, 120, 70, 0, 20, 0, 1, 0, 584, NULL),
(584, 'vanilluxe', 5, 583, 296, 9, 11, NULL, 4, 45, 70, 0, 20, 0, 1, 0, 585, NULL),
(585, 'deerling', 5, NULL, 297, 10, 8, NULL, 4, 190, 70, 0, 20, 0, 2, 1, 586, NULL),
(586, 'sawsbuck', 5, 585, 297, 3, 8, NULL, 4, 75, 70, 0, 20, 0, 2, 1, 587, NULL),
(587, 'emolga', 5, NULL, 298, 9, 8, NULL, 4, 200, 70, 0, 20, 0, 2, 0, 588, 180),
(588, 'karrablast', 5, NULL, 299, 2, 12, NULL, 4, 200, 70, 0, 15, 0, 2, 0, 589, NULL),
(589, 'escavalier', 5, 588, 299, 4, 4, NULL, 4, 75, 70, 0, 15, 0, 2, 0, 590, NULL),
(590, 'foongus', 5, NULL, 300, 9, 4, NULL, 4, 190, 70, 0, 20, 0, 2, 0, 591, NULL),
(591, 'amoonguss', 5, 590, 300, 9, 4, NULL, 4, 75, 70, 0, 20, 0, 2, 0, 592, NULL),
(592, 'frillish', 5, NULL, 301, 9, 10, NULL, 4, 190, 70, 0, 20, 1, 2, 0, 593, NULL),
(593, 'jellicent', 5, 592, 301, 9, 10, NULL, 4, 60, 70, 0, 20, 1, 2, 0, 594, NULL),
(594, 'alomomola', 5, NULL, 302, 6, 3, NULL, 4, 75, 70, 0, 40, 0, 3, 0, 595, NULL),
(595, 'joltik', 5, NULL, 303, 10, 14, NULL, 4, 190, 70, 0, 20, 0, 2, 0, 596, 147),
(596, 'galvantula', 5, 595, 303, 10, 14, NULL, 4, 75, 70, 0, 20, 0, 2, 0, 597, 148),
(597, 'ferroseed', 5, NULL, 304, 4, 1, NULL, 4, 255, 70, 0, 20, 0, 2, 0, 598, NULL),
(598, 'ferrothorn', 5, 597, 304, 4, 10, NULL, 4, 90, 70, 0, 20, 0, 2, 0, 599, NULL),
(599, 'klink', 5, NULL, 305, 4, 11, NULL, -1, 130, 70, 0, 20, 0, 4, 0, 600, NULL),
(600, 'klang', 5, 599, 305, 4, 11, NULL, -1, 60, 70, 0, 20, 0, 4, 0, 601, NULL),
(601, 'klinklang', 5, 600, 305, 4, 11, NULL, -1, 30, 70, 0, 20, 0, 4, 0, 602, NULL),
(602, 'tynamo', 5, NULL, 306, 9, 3, NULL, 4, 190, 70, 0, 20, 0, 1, 0, 603, NULL),
(603, 'eelektrik', 5, 602, 306, 2, 3, NULL, 4, 60, 70, 0, 20, 0, 1, 0, 604, NULL),
(604, 'eelektross', 5, 603, 306, 2, 3, NULL, 4, 30, 70, 0, 20, 0, 1, 0, 605, NULL),
(605, 'elgyem', 5, NULL, 307, 2, 6, NULL, 4, 255, 70, 0, 20, 0, 2, 0, 606, NULL),
(606, 'beheeyem', 5, 605, 307, 3, 12, NULL, 4, 90, 70, 0, 20, 0, 2, 0, 607, NULL),
(607, 'litwick', 5, NULL, 308, 9, 5, NULL, 4, 190, 70, 0, 20, 0, 4, 0, 608, 37),
(608, 'lampent', 5, 607, 308, 1, 4, NULL, 4, 90, 70, 0, 20, 0, 4, 0, 609, 38),
(609, 'chandelure', 5, 608, 308, 1, 4, NULL, 4, 45, 70, 0, 20, 0, 4, 0, 610, 39),
(610, 'axew', 5, NULL, 309, 5, 6, NULL, 4, 75, 35, 0, 40, 0, 1, 0, 611, 144),
(611, 'fraxure', 5, 610, 309, 5, 6, NULL, 4, 60, 35, 0, 40, 0, 1, 0, 612, 145),
(612, 'haxorus', 5, 611, 309, 10, 6, NULL, 4, 45, 35, 0, 40, 0, 1, 0, 613, 146),
(613, 'cubchoo', 5, NULL, 310, 9, 6, NULL, 4, 120, 70, 0, 20, 0, 2, 0, 614, 104),
(614, 'beartic', 5, 613, 310, 9, 8, NULL, 4, 60, 70, 0, 20, 0, 2, 0, 615, 105),
(615, 'cryogonal', 5, NULL, 311, 2, 1, NULL, -1, 25, 70, 0, 25, 0, 2, 0, 616, NULL),
(616, 'shelmet', 5, NULL, 312, 8, 1, NULL, 4, 200, 70, 0, 15, 0, 2, 0, 617, NULL),
(617, 'accelgor', 5, 616, 312, 8, 4, NULL, 4, 75, 70, 0, 15, 0, 2, 0, 618, NULL),
(618, 'stunfisk', 5, NULL, 313, 3, 3, NULL, 4, 75, 70, 0, 20, 0, 2, 0, 619, NULL),
(619, 'mienfoo', 5, NULL, 314, 10, 6, NULL, 4, 180, 70, 0, 25, 0, 4, 0, 620, NULL),
(620, 'mienshao', 5, 619, 314, 7, 6, NULL, 4, 45, 70, 0, 25, 0, 4, 0, 621, NULL),
(621, 'druddigon', 5, NULL, 315, 8, 6, NULL, 4, 45, 70, 0, 30, 0, 2, 0, 622, NULL),
(622, 'golett', 5, NULL, 316, 5, 12, NULL, -1, 190, 70, 0, 25, 0, 2, 0, 623, NULL),
(623, 'golurk', 5, 622, 316, 5, 12, NULL, -1, 90, 70, 0, 25, 0, 2, 0, 624, NULL),
(624, 'pawniard', 5, NULL, 317, 8, 12, NULL, 4, 120, 35, 0, 20, 0, 2, 0, 625, 158),
(625, 'bisharp', 5, 624, 317, 8, 12, NULL, 4, 45, 35, 0, 20, 0, 2, 0, 626, 159),
(626, 'bouffalant', 5, NULL, 318, 3, 8, NULL, 4, 45, 70, 0, 20, 0, 2, 0, 627, NULL),
(627, 'rufflet', 5, NULL, 319, 9, 9, NULL, 0, 190, 70, 0, 20, 0, 1, 0, 628, 169),
(628, 'braviary', 5, 627, 319, 8, 9, NULL, 0, 60, 70, 0, 20, 0, 1, 0, 629, 170),
(629, 'vullaby', 5, NULL, 320, 3, 9, NULL, 8, 190, 35, 0, 20, 0, 1, 0, 630, NULL),
(630, 'mandibuzz', 5, 629, 320, 3, 9, NULL, 8, 60, 35, 0, 20, 0, 1, 0, 631, NULL),
(631, 'heatmor', 5, NULL, 321, 8, 6, NULL, 4, 90, 70, 0, 20, 0, 2, 0, 632, NULL),
(632, 'durant', 5, NULL, 322, 4, 14, NULL, 4, 90, 70, 0, 20, 0, 2, 0, 633, NULL),
(633, 'deino', 5, NULL, 323, 2, 8, NULL, 4, 45, 35, 0, 40, 0, 1, 0, 634, 90),
(634, 'zweilous', 5, 633, 323, 2, 8, NULL, 4, 45, 35, 0, 40, 0, 1, 0, 635, 91),
(635, 'hydreigon', 5, 634, 323, 2, 6, NULL, 4, 45, 35, 0, 40, 0, 1, 0, 636, 92),
(636, 'larvesta', 5, NULL, 324, 9, 14, NULL, 4, 45, 70, 0, 40, 0, 1, 0, 637, 173),
(637, 'volcarona', 5, 636, 324, 9, 13, NULL, 4, 15, 70, 0, 40, 0, 1, 0, 638, 174),
(638, 'cobalion', 5, NULL, 325, 2, 8, NULL, -1, 3, 35, 0, 80, 0, 1, 0, 639, NULL),
(639, 'terrakion', 5, NULL, 326, 4, 8, NULL, -1, 3, 35, 0, 80, 0, 1, 0, 640, 191),
(640, 'virizion', 5, NULL, 327, 5, 8, NULL, -1, 3, 35, 0, 80, 0, 1, 0, 641, NULL);
INSERT INTO `pokemon_species` (`id`, `identifier`, `generation_id`, `evolves_from_species_id`, `evolution_chain_id`, `color_id`, `shape_id`, `habitat_id`, `gender_rate`, `capture_rate`, `base_happiness`, `is_baby`, `hatch_counter`, `has_gender_differences`, `growth_rate_id`, `forms_switchable`, `order_`, `conquest_order`) VALUES
(641, 'tornadus', 5, NULL, 328, 5, 4, NULL, 0, 3, 90, 0, 120, 0, 1, 1, 642, NULL),
(642, 'thundurus', 5, NULL, 329, 2, 4, NULL, 0, 3, 90, 0, 120, 0, 1, 1, 643, NULL),
(643, 'reshiram', 5, NULL, 330, 9, 9, NULL, -1, 45, 0, 0, 120, 0, 1, 0, 644, 197),
(644, 'zekrom', 5, NULL, 331, 1, 6, NULL, -1, 45, 0, 0, 120, 0, 1, 0, 645, 198),
(645, 'landorus', 5, NULL, 332, 3, 4, NULL, 0, 3, 90, 0, 120, 0, 1, 1, 646, NULL),
(646, 'kyurem', 5, NULL, 333, 4, 6, NULL, -1, 3, 0, 0, 120, 0, 1, 1, 647, NULL),
(647, 'keldeo', 5, NULL, 334, 10, 8, NULL, -1, 3, 35, 0, 80, 0, 1, 0, 648, NULL),
(648, 'meloetta', 5, NULL, 335, 9, 12, NULL, -1, 3, 100, 0, 120, 0, 1, 1, 649, NULL),
(649, 'genesect', 5, NULL, 336, 7, 12, NULL, -1, 3, 0, 0, 120, 0, 1, 1, 650, NULL),
(650, 'chespin', 6, NULL, 337, 5, 6, NULL, 1, 0, 0, 0, 0, 0, 4, 0, 651, NULL),
(651, 'quilladin', 6, 650, 337, 5, 6, NULL, 1, 0, 0, 0, 0, 0, 4, 0, 652, NULL),
(652, 'chesnaught', 6, 651, 337, 5, 6, NULL, 1, 0, 0, 0, 0, 0, 4, 0, 653, NULL),
(653, 'fennekin', 6, NULL, 338, 8, 8, NULL, 1, 0, 0, 0, 0, 0, 4, 0, 654, NULL),
(654, 'braixen', 6, 653, 338, 8, 6, NULL, 1, 0, 0, 0, 0, 0, 4, 0, 655, NULL),
(655, 'delphox', 6, 654, 338, 8, 6, NULL, 1, 0, 0, 0, 0, 0, 4, 0, 656, NULL),
(656, 'froakie', 6, NULL, 339, 2, 8, NULL, 1, 0, 0, 0, 0, 0, 4, 0, 657, NULL),
(657, 'frogadier', 6, 656, 339, 2, 12, NULL, 1, 0, 0, 0, 0, 0, 4, 0, 658, NULL),
(658, 'greninja', 6, 657, 339, 2, 12, NULL, 1, 0, 0, 0, 0, 0, 4, 0, 659, NULL),
(659, 'bunnelby', 6, NULL, 340, 3, 6, NULL, 4, 0, 0, 0, 0, 0, 2, 0, 660, NULL),
(660, 'diggersby', 6, 659, 340, 3, 6, NULL, 4, 0, 0, 0, 0, 0, 2, 0, 661, NULL),
(661, 'fletchling', 6, NULL, 341, 8, 9, NULL, 4, 0, 0, 0, 0, 0, 4, 0, 662, NULL),
(662, 'fletchinder', 6, 661, 341, 8, 9, NULL, 4, 0, 0, 0, 0, 0, 4, 0, 663, NULL),
(663, 'talonflame', 6, 662, 341, 8, 9, NULL, 4, 0, 0, 0, 0, 0, 4, 0, 664, NULL),
(664, 'scatterbug', 6, NULL, 342, 1, 14, NULL, 4, 0, 0, 0, 0, 0, 2, 0, 665, NULL),
(665, 'spewpa', 6, 664, 342, 1, 5, NULL, 4, 0, 0, 0, 0, 0, 2, 0, 666, NULL),
(666, 'vivillon', 6, 665, 342, 1, 13, NULL, 4, 0, 0, 0, 0, 0, 2, 0, 667, NULL),
(667, 'litleo', 6, NULL, 343, 3, 8, NULL, 4, 0, 0, 0, 0, 0, 4, 0, 668, NULL),
(668, 'pyroar', 6, 667, 343, 3, 8, NULL, 4, 0, 0, 0, 0, 1, 4, 0, 669, NULL),
(669, 'flabebe', 6, NULL, 344, 9, 4, NULL, 8, 0, 0, 0, 0, 0, 2, 0, 670, NULL),
(670, 'floette', 6, 669, 344, 9, 4, NULL, 8, 0, 0, 0, 0, 0, 2, 0, 671, NULL),
(671, 'florges', 6, 670, 344, 9, 4, NULL, 8, 0, 0, 0, 0, 0, 2, 0, 672, NULL),
(672, 'skiddo', 6, NULL, 345, 3, 8, NULL, 4, 0, 0, 0, 0, 0, 2, 0, 673, NULL),
(673, 'gogoat', 6, 672, 345, 3, 8, NULL, 4, 0, 0, 0, 0, 0, 2, 0, 674, NULL),
(674, 'pancham', 6, NULL, 346, 9, 6, NULL, 4, 0, 0, 0, 0, 0, 2, 0, 675, NULL),
(675, 'pangoro', 6, 674, 346, 9, 12, NULL, 4, 0, 0, 0, 0, 0, 2, 0, 676, NULL),
(676, 'furfrou', 6, NULL, 347, 9, 8, NULL, 4, 0, 0, 0, 0, 0, 2, 1, 677, NULL),
(677, 'espurr', 6, NULL, 348, 4, 6, NULL, 4, 0, 0, 0, 0, 0, 2, 0, 678, NULL),
(678, 'meowstic', 6, 677, 348, 9, 6, NULL, 4, 0, 0, 0, 0, 1, 2, 0, 679, NULL),
(679, 'honedge', 6, NULL, 349, 3, 5, NULL, 4, 0, 0, 0, 0, 0, 2, 0, 680, NULL),
(680, 'doublade', 6, 679, 349, 3, 11, NULL, 4, 0, 0, 0, 0, 0, 2, 0, 681, NULL),
(681, 'aegislash', 6, 680, 349, 3, 5, NULL, 4, 0, 0, 0, 0, 0, 2, 1, 682, NULL),
(682, 'spritzee', 6, NULL, 350, 6, 4, NULL, 4, 0, 0, 0, 0, 0, 2, 0, 683, NULL),
(683, 'aromatisse', 6, 682, 350, 6, 12, NULL, 4, 0, 0, 0, 0, 0, 2, 0, 684, NULL),
(684, 'swirlix', 6, NULL, 351, 9, 7, NULL, 4, 0, 0, 0, 0, 0, 2, 0, 685, NULL),
(685, 'slurpuff', 6, 684, 351, 9, 12, NULL, 4, 0, 0, 0, 0, 0, 2, 0, 686, NULL),
(686, 'inkay', 6, NULL, 352, 2, 10, NULL, 4, 0, 0, 0, 0, 0, 2, 0, 687, NULL),
(687, 'malamar', 6, 686, 352, 2, 5, NULL, 4, 0, 0, 0, 0, 0, 2, 0, 688, NULL),
(688, 'binacle', 6, NULL, 353, 3, 11, NULL, 4, 0, 0, 0, 0, 0, 2, 0, 689, NULL),
(689, 'barbaracle', 6, 688, 353, 3, 11, NULL, 4, 0, 0, 0, 0, 0, 2, 0, 690, NULL),
(690, 'skrelp', 6, NULL, 354, 3, 5, NULL, 4, 0, 0, 0, 0, 0, 2, 0, 691, NULL),
(691, 'dragalge', 6, 690, 354, 3, 5, NULL, 4, 0, 0, 0, 0, 0, 2, 0, 692, NULL),
(692, 'clauncher', 6, NULL, 355, 2, 14, NULL, 4, 0, 0, 0, 0, 0, 1, 0, 693, NULL),
(693, 'clawitzer', 6, 692, 355, 2, 2, NULL, 4, 0, 0, 0, 0, 0, 1, 0, 694, NULL),
(694, 'helioptile', 6, NULL, 356, 10, 6, NULL, 4, 0, 0, 0, 0, 0, 2, 0, 695, NULL),
(695, 'heliolisk', 6, 694, 356, 10, 6, NULL, 4, 0, 0, 0, 0, 0, 2, 0, 696, NULL),
(696, 'tyrunt', 6, NULL, 357, 3, 6, NULL, 1, 0, 0, 0, 0, 0, 2, 0, 697, NULL),
(697, 'tyrantrum', 6, 696, 357, 8, 6, NULL, 1, 0, 0, 0, 0, 0, 2, 0, 698, NULL),
(698, 'amaura', 6, NULL, 358, 2, 8, NULL, 1, 0, 0, 0, 0, 0, 2, 0, 699, NULL),
(699, 'aurorus', 6, 698, 358, 2, 8, NULL, 1, 0, 0, 0, 0, 0, 2, 0, 700, NULL),
(700, 'sylveon', 6, 133, 67, 6, 8, NULL, 1, 0, 0, 0, 0, 0, 2, 0, 165, NULL),
(701, 'hawlucha', 6, NULL, 359, 5, 12, NULL, 4, 0, 0, 0, 0, 0, 2, 0, 701, NULL),
(702, 'dedenne', 6, NULL, 360, 10, 6, NULL, 4, 0, 0, 0, 0, 0, 2, 0, 702, NULL),
(703, 'carbink', 6, NULL, 361, 4, 1, NULL, -1, 0, 0, 0, 0, 0, 1, 0, 703, NULL),
(704, 'goomy', 6, NULL, 362, 7, 2, NULL, 4, 0, 0, 0, 0, 0, 1, 0, 704, NULL),
(705, 'sliggoo', 6, 704, 362, 7, 2, NULL, 4, 0, 0, 0, 0, 0, 1, 0, 705, NULL),
(706, 'goodra', 6, 705, 362, 7, 6, NULL, 4, 0, 0, 0, 0, 0, 1, 0, 706, NULL),
(707, 'klefki', 6, NULL, 363, 4, 1, NULL, 4, 0, 0, 0, 0, 0, 3, 0, 707, NULL),
(708, 'phantump', 6, NULL, 364, 3, 4, NULL, 4, 0, 0, 0, 0, 0, 2, 0, 708, NULL),
(709, 'trevenant', 6, 708, 364, 3, 10, NULL, 4, 0, 0, 0, 0, 0, 2, 0, 709, NULL),
(710, 'pumpkaboo', 6, NULL, 365, 3, 1, NULL, 4, 0, 0, 0, 0, 0, 2, 0, 710, NULL),
(711, 'gourgeist', 6, 710, 365, 3, 5, NULL, 4, 0, 0, 0, 0, 0, 2, 0, 711, NULL),
(712, 'bergmite', 6, NULL, 366, 2, 8, NULL, 4, 0, 0, 0, 0, 0, 2, 0, 712, NULL),
(713, 'avalugg', 6, 712, 366, 2, 8, NULL, 4, 0, 0, 0, 0, 0, 2, 0, 713, NULL),
(714, 'noibat', 6, NULL, 367, 7, 9, NULL, 4, 0, 0, 0, 0, 0, 2, 0, 714, NULL),
(715, 'noivern', 6, 714, 367, 7, 9, NULL, 4, 0, 0, 0, 0, 0, 2, 0, 715, NULL),
(716, 'xerneas', 6, NULL, 368, 2, 8, NULL, -1, 0, 0, 0, 0, 0, 1, 1, 716, NULL),
(717, 'yveltal', 6, NULL, 369, 8, 9, NULL, -1, 0, 0, 0, 0, 0, 1, 0, 717, NULL),
(718, 'zygarde', 6, NULL, 370, 5, 2, NULL, -1, 0, 0, 0, 0, 0, 1, 0, 718, NULL);

-- --------------------------------------------------------

--
-- Struttura della tabella `regions`
--

CREATE TABLE IF NOT EXISTS `regions` (
  `id` int(11) NOT NULL,
  `identifier` varchar(16) NOT NULL
) ENGINE=InnoDB DEFAULT CHARSET=latin1;

--
-- Dump dei dati per la tabella `regions`
--

INSERT INTO `regions` (`id`, `identifier`) VALUES
(1, 'kanto'),
(2, 'johto'),
(3, 'hoenn'),
(4, 'sinnoh'),
(5, 'unova'),
(6, 'kalos');

--
-- Indici per le tabelle scaricate
--

--
-- Indici per le tabelle `abilities`
--
ALTER TABLE `abilities`
  ADD PRIMARY KEY (`id`),
  ADD KEY `generation_id` (`generation_id`);

--
-- Indici per le tabelle `Clienti`
--
ALTER TABLE `Clienti`
  ADD PRIMARY KEY (`ID`);

--
-- Indici per le tabelle `evolution_chains`
--
ALTER TABLE `evolution_chains`
  ADD PRIMARY KEY (`id`),
  ADD KEY `baby_trigger_item_id` (`baby_trigger_item_id`);

--
-- Indici per le tabelle `generations`
--
ALTER TABLE `generations`
  ADD PRIMARY KEY (`id`),
  ADD KEY `main_region_id` (`main_region_id`);

--
-- Indici per le tabelle `growth_rates`
--
ALTER TABLE `growth_rates`
  ADD PRIMARY KEY (`id`);

--
-- Indici per le tabelle `items`
--
ALTER TABLE `items`
  ADD PRIMARY KEY (`id`),
  ADD KEY `category_id` (`category_id`),
  ADD KEY `fling_effect_id` (`fling_effect_id`);

--
-- Indici per le tabelle `item_categories`
--
ALTER TABLE `item_categories`
  ADD PRIMARY KEY (`id`),
  ADD KEY `pocket_id` (`pocket_id`);

--
-- Indici per le tabelle `item_fling_effects`
--
ALTER TABLE `item_fling_effects`
  ADD PRIMARY KEY (`id`);

--
-- Indici per le tabelle `item_pockets`
--
ALTER TABLE `item_pockets`
  ADD PRIMARY KEY (`id`);

--
-- Indici per le tabelle `pokemon`
--
ALTER TABLE `pokemon`
  ADD PRIMARY KEY (`id`),
  ADD KEY `species_id` (`species_id`);

--
-- Indici per le tabelle `pokemon_colors`
--
ALTER TABLE `pokemon_colors`
  ADD PRIMARY KEY (`id`);

--
-- Indici per le tabelle `pokemon_habitats`
--
ALTER TABLE `pokemon_habitats`
  ADD PRIMARY KEY (`id`);

--
-- Indici per le tabelle `pokemon_shapes`
--
ALTER TABLE `pokemon_shapes`
  ADD PRIMARY KEY (`id`);

--
-- Indici per le tabelle `pokemon_species`
--
ALTER TABLE `pokemon_species`
  ADD PRIMARY KEY (`id`),
  ADD KEY `generation_id` (`generation_id`),
  ADD KEY `evolution_chain_id` (`evolution_chain_id`),
  ADD KEY `color_id` (`color_id`),
  ADD KEY `shape_id` (`shape_id`),
  ADD KEY `habitat_id` (`habitat_id`),
  ADD KEY `growth_rate_id` (`growth_rate_id`);

--
-- Indici per le tabelle `regions`
--
ALTER TABLE `regions`
  ADD PRIMARY KEY (`id`);

--
-- AUTO_INCREMENT per le tabelle scaricate
--

--
-- AUTO_INCREMENT per la tabella `Clienti`
--
ALTER TABLE `Clienti`
  MODIFY `ID` int(11) NOT NULL AUTO_INCREMENT,AUTO_INCREMENT=2;
--
-- Limiti per le tabelle scaricate
--

--
-- Limiti per la tabella `abilities`
--
ALTER TABLE `abilities`
  ADD CONSTRAINT `abilities_ibfk_1` FOREIGN KEY (`generation_id`) REFERENCES `generations` (`id`);

--
-- Limiti per la tabella `evolution_chains`
--
ALTER TABLE `evolution_chains`
  ADD CONSTRAINT `evolution_chains_ibfk_1` FOREIGN KEY (`baby_trigger_item_id`) REFERENCES `items` (`id`);

--
-- Limiti per la tabella `generations`
--
ALTER TABLE `generations`
  ADD CONSTRAINT `generations_ibfk_1` FOREIGN KEY (`main_region_id`) REFERENCES `regions` (`id`);

--
-- Limiti per la tabella `items`
--
ALTER TABLE `items`
  ADD CONSTRAINT `items_ibfk_1` FOREIGN KEY (`category_id`) REFERENCES `item_categories` (`id`),
  ADD CONSTRAINT `items_ibfk_2` FOREIGN KEY (`fling_effect_id`) REFERENCES `item_fling_effects` (`id`);

--
-- Limiti per la tabella `item_categories`
--
ALTER TABLE `item_categories`
  ADD CONSTRAINT `item_categories_ibfk_1` FOREIGN KEY (`pocket_id`) REFERENCES `item_pockets` (`id`);

--
-- Limiti per la tabella `pokemon`
--
ALTER TABLE `pokemon`
  ADD CONSTRAINT `pokemon_ibfk_1` FOREIGN KEY (`species_id`) REFERENCES `pokemon_species` (`id`);

--
-- Limiti per la tabella `pokemon_species`
--
ALTER TABLE `pokemon_species`
  ADD CONSTRAINT `pokemon_species_ibfk_1` FOREIGN KEY (`generation_id`) REFERENCES `generations` (`id`),
  ADD CONSTRAINT `pokemon_species_ibfk_2` FOREIGN KEY (`evolution_chain_id`) REFERENCES `evolution_chains` (`id`),
  ADD CONSTRAINT `pokemon_species_ibfk_3` FOREIGN KEY (`color_id`) REFERENCES `pokemon_colors` (`id`),
  ADD CONSTRAINT `pokemon_species_ibfk_4` FOREIGN KEY (`shape_id`) REFERENCES `pokemon_shapes` (`id`),
  ADD CONSTRAINT `pokemon_species_ibfk_5` FOREIGN KEY (`habitat_id`) REFERENCES `pokemon_habitats` (`id`),
  ADD CONSTRAINT `pokemon_species_ibfk_6` FOREIGN KEY (`growth_rate_id`) REFERENCES `growth_rates` (`id`);

/*!40101 SET CHARACTER_SET_CLIENT=@OLD_CHARACTER_SET_CLIENT */;
/*!40101 SET CHARACTER_SET_RESULTS=@OLD_CHARACTER_SET_RESULTS */;
/*!40101 SET COLLATION_CONNECTION=@OLD_COLLATION_CONNECTION */;
